,time,value,RRI,ratio,sdnn,rmssd
0,12:57:16,70,857.14,,,
1,16:53:17,70,857.14,,,
2,16:54:53,70,857.14,,,
3,16:55:05,70,857.14,,,
4,16:55:21,70,857.14,,,
5,16:55:36,70,857.14,,,
6,16:55:41,75,800.0,,,
7,16:55:46,74,810.81,,,
8,16:55:51,72,833.33,,,
9,16:55:56,73,821.92,,,
10,16:56:01,75,800.0,,,
11,16:56:16,75,800.0,,,
12,16:56:21,76,789.47,,,
13,16:56:26,77,779.22,,,
14,16:56:41,77,779.22,,,
15,16:56:46,79,759.49,,,
16,16:56:51,77,779.22,,,
17,16:56:56,76,789.47,,,
18,16:57:06,77,779.22,,,
19,16:57:21,78,769.23,,,
20,16:57:26,79,759.49,,,
21,16:57:41,79,759.49,,,
22,16:57:46,81,740.74,,,
23,16:57:51,82,731.71,,,
24,16:58:06,82,731.71,,,
25,16:58:16,80,750.0,,,
26,16:58:21,79,759.49,,,
27,16:58:26,80,750.0,,,
28,16:58:31,81,740.74,,,
29,16:58:37,81,740.74,,,
30,16:58:42,80,750.0,,,
31,16:58:57,80,750.0,,,
32,16:59:02,81,740.74,,,
33,16:59:07,82,731.71,,,
34,16:59:22,82,731.71,,,
35,16:59:27,85,705.88,,,
36,16:59:32,87,689.66,,,
37,16:59:37,90,666.67,,,
38,16:59:47,87,689.66,,,
39,16:59:52,86,697.67,,,
40,16:59:57,84,714.29,,,
41,17:00:02,83,722.89,,,
42,17:00:07,84,714.29,,,
43,17:00:12,86,697.67,,,
44,17:00:17,88,681.82,,,
45,17:00:22,88,681.82,,,
46,17:00:32,89,674.16,,,
47,17:00:37,90,666.67,,,
48,17:00:47,91,659.34,,,
49,17:00:52,92,652.17,,,
50,17:01:02,89,674.16,,,
51,17:01:07,87,689.66,,,
52,17:01:12,86,697.67,,,
53,17:01:17,83,722.89,,,
54,17:01:22,79,759.49,,,
55,17:01:27,78,769.23,,,
56,17:01:35,78,769.23,,,
57,17:01:45,77,779.22,,,
58,17:02:00,77,779.22,,,
59,17:02:05,79,759.49,,,
60,17:02:10,80,750.0,,,
61,17:02:15,78,769.23,,,
62,17:02:25,76,789.47,,,
63,17:02:30,77,779.22,,,
64,17:02:45,76,789.47,,,
65,17:02:55,77,779.22,,,
66,17:03:00,78,769.23,,,
67,17:03:05,77,779.22,,,
68,17:03:10,74,810.81,,,
69,17:03:15,75,800.0,,,
70,17:03:20,76,789.47,,,
71,17:03:27,77,779.22,,,
72,17:03:42,77,779.22,,,
73,17:03:57,77,779.22,,,
74,17:04:02,76,789.47,,,
75,17:04:12,76,789.47,,,
76,17:04:17,77,779.22,,,
77,17:04:22,78,769.23,,,
78,17:04:32,79,759.49,,,
79,17:04:37,80,750.0,,,
80,17:04:42,82,731.71,,,
81,17:04:52,80,750.0,,,
82,17:05:02,78,769.23,,,
83,17:05:07,79,759.49,,,
84,17:05:12,80,750.0,,,
85,17:05:17,81,740.74,,,
86,17:05:32,82,731.71,,,
87,17:05:47,81,740.74,,,
88,17:06:02,81,740.74,,,
89,17:06:07,82,731.71,,,
90,17:06:17,83,722.89,,,
91,17:06:32,85,705.88,,,
92,17:06:37,86,697.67,,,
93,17:06:52,86,697.67,,,
94,17:06:57,88,681.82,,,
95,17:07:02,91,659.34,,,
96,17:07:07,94,638.3,,,
97,17:07:12,94,638.3,,,
98,17:07:17,94,638.3,,,
99,17:07:32,94,638.3,,,
100,17:07:37,93,645.16,5.459416133498985,52.70129983973811,14.267935514235543
101,17:07:52,93,645.16,,,
102,17:07:57,97,618.56,,,
103,17:08:02,103,582.52,,,
104,17:08:07,107,560.75,,,
105,17:08:12,109,550.46,,,
106,17:08:17,106,566.04,,,
107,17:08:22,103,582.52,,,
108,17:08:32,106,566.04,,,
109,17:08:37,108,555.56,,,
110,17:08:42,107,560.75,,,
111,17:08:47,105,571.43,,,
112,17:08:52,107,560.75,,,
113,17:08:57,109,550.46,,,
114,17:09:02,111,540.54,,,
115,17:09:07,110,545.45,,,
116,17:09:12,111,540.54,,,
117,17:09:17,109,550.46,,,
118,17:09:22,107,560.75,,,
119,17:09:27,105,571.43,,,
120,17:09:32,103,582.52,,,
121,17:09:37,100,600.0,,,
122,17:09:42,99,606.06,,,
123,17:09:47,102,588.24,,,
124,17:09:52,100,600.0,,,
125,17:09:57,100,600.0,,,
126,17:10:12,100,600.0,,,
127,17:10:17,101,594.06,,,
128,17:10:22,103,582.52,,,
129,17:10:27,104,576.92,,,
130,17:10:32,105,571.43,,,
131,17:10:42,104,576.92,,,
132,17:10:47,105,571.43,,,
133,17:11:02,105,571.43,,,
134,17:11:07,105,571.43,,,
135,17:11:12,104,576.92,,,
136,17:11:17,103,582.52,,,
137,17:11:22,102,588.24,,,
138,17:11:32,103,582.52,,,
139,17:11:37,104,576.92,,,
140,17:11:42,105,571.43,,,
141,17:11:47,106,566.04,,,
142,17:11:57,107,560.75,,,
143,17:12:02,108,555.56,,,
144,17:12:12,107,560.75,,,
145,17:12:17,106,566.04,,,
146,17:12:22,105,571.43,,,
147,17:12:32,107,560.75,,,
148,17:12:37,108,555.56,,,
149,17:12:47,109,550.46,,,
150,17:12:52,108,555.56,,,
151,17:12:58,108,555.56,,,
152,17:13:03,107,560.75,,,
153,17:13:18,107,560.75,,,
154,17:13:23,105,571.43,,,
155,17:13:38,105,571.43,,,
156,17:13:48,107,560.75,,,
157,17:14:03,107,560.75,,,
158,17:14:08,108,555.56,,,
159,17:14:18,107,560.75,,,
160,17:14:33,107,560.75,,,
161,17:14:38,110,545.45,,,
162,17:14:43,116,517.24,,,
163,17:14:48,114,526.32,,,
164,17:14:53,112,535.71,,,
165,17:14:58,111,540.54,,,
166,17:15:03,110,545.45,,,
167,17:15:11,110,545.45,,,
168,17:15:14,110,545.45,,,
169,17:15:15,104,576.92,,,
170,17:15:18,104,576.92,,,
171,17:15:20,110,545.45,,,
172,17:15:23,110,545.45,,,
173,17:15:25,111,540.54,,,
174,17:15:28,111,540.54,,,
175,17:15:31,111,540.54,,,
176,17:15:34,111,540.54,,,
177,17:15:37,111,540.54,,,
178,17:15:40,111,540.54,,,
179,17:15:43,111,540.54,,,
180,17:15:46,111,540.54,,,
181,17:15:49,111,540.54,,,
182,17:15:52,111,540.54,,,
183,17:15:55,108,555.56,,,
184,17:15:58,108,555.56,,,
185,17:16:00,109,550.46,,,
186,17:16:03,109,550.46,,,
187,17:16:05,107,560.75,,,
188,17:16:08,107,560.75,,,
189,17:16:11,107,560.75,,,
190,17:16:14,107,560.75,,,
191,17:16:15,106,566.04,,,
192,17:16:18,106,566.04,,,
193,17:16:21,106,566.04,,,
194,17:16:22,106,566.04,,,
195,17:16:25,106,566.04,,,
196,17:16:28,106,566.04,,,
197,17:16:30,104,576.92,,,
198,17:16:33,104,576.92,,,
199,17:16:36,104,576.92,,,
200,17:16:39,104,576.92,1.4422654336098617,21.350597914415182,10.117611408136826
201,17:16:42,104,576.92,,,
202,17:16:45,102,588.24,,,
203,17:16:48,102,588.24,,,
204,17:16:50,101,594.06,,,
205,17:16:58,102,588.24,,,
206,17:17:03,105,571.43,,,
207,17:17:08,106,566.04,,,
208,17:17:18,102,588.24,,,
209,17:17:23,100,600.0,,,
210,17:17:28,105,571.43,,,
211,17:17:33,111,540.54,,,
212,17:17:38,115,521.74,,,
213,17:17:43,119,504.2,,,
214,17:17:48,121,495.87,,,
215,17:17:58,120,500.0,,,
216,17:18:03,119,504.2,,,
217,17:18:08,117,512.82,,,
218,17:18:13,116,517.24,,,
219,17:18:23,114,526.32,,,
220,17:18:33,115,521.74,,,
221,17:18:38,116,517.24,,,
222,17:18:43,113,530.97,,,
223,17:18:48,112,535.71,,,
224,17:18:53,110,545.45,,,
225,17:18:58,109,550.46,,,
226,17:19:08,111,540.54,,,
227,17:19:13,110,545.45,,,
228,17:19:18,106,566.04,,,
229,17:19:28,105,571.43,,,
230,17:19:33,103,582.52,,,
231,17:19:43,104,576.92,,,
232,17:19:48,113,530.97,,,
233,17:19:53,118,508.47,,,
234,17:19:58,116,517.24,,,
235,17:20:03,98,612.24,,,
236,17:20:08,89,674.16,,,
237,17:20:18,88,681.82,,,
238,17:20:33,88,681.82,,,
239,17:20:38,87,689.66,,,
240,17:20:48,86,697.67,,,
241,17:20:53,85,705.88,,,
242,17:20:58,83,722.89,,,
243,17:21:13,83,722.89,,,
244,17:21:23,84,714.29,,,
245,17:21:38,86,697.67,,,
246,17:21:43,88,681.82,,,
247,17:21:58,88,681.82,,,
248,17:22:03,86,697.67,,,
249,17:22:08,89,674.16,,,
250,17:22:13,90,666.67,,,
251,17:22:18,89,674.16,,,
252,17:22:33,88,681.82,,,
253,17:22:48,86,697.67,,,
254,17:22:58,85,705.88,,,
255,17:23:03,84,714.29,,,
256,17:23:08,87,689.66,,,
257,17:23:23,87,689.66,,,
258,17:23:28,86,697.67,,,
259,17:23:33,88,681.82,,,
260,17:23:38,89,674.16,,,
261,17:23:43,88,681.82,,,
262,17:23:53,87,689.66,,,
263,17:23:58,86,697.67,,,
264,17:24:08,86,697.67,,,
265,17:24:18,86,697.67,,,
266,17:24:33,87,689.66,,,
267,17:24:48,87,689.66,,,
268,17:24:53,86,697.67,,,
269,17:24:58,86,697.67,,,
270,17:25:08,86,697.67,,,
271,17:25:13,85,705.88,,,
272,17:25:18,85,705.88,,,
273,17:25:23,86,697.67,,,
274,17:25:28,87,689.66,,,
275,17:25:33,88,681.82,,,
276,17:25:38,88,681.82,,,
277,17:25:43,89,674.16,,,
278,17:25:48,90,666.67,,,
279,17:25:53,89,674.16,,,
280,17:26:03,88,681.82,,,
281,17:26:08,87,689.66,,,
282,17:26:13,86,697.67,,,
283,17:26:18,85,705.88,,,
284,17:26:33,84,714.29,,,
285,17:26:38,85,705.88,,,
286,17:26:43,84,714.29,,,
287,17:26:48,83,722.89,,,
288,17:26:58,84,714.29,,,
289,17:27:08,85,705.88,,,
290,17:27:18,86,697.67,,,
291,17:27:28,85,705.88,,,
292,17:27:43,85,705.88,,,
293,17:27:48,84,714.29,,,
294,17:27:53,83,722.89,,,
295,17:28:03,84,714.29,,,
296,17:28:13,83,722.89,,,
297,17:28:18,82,731.71,,,
298,17:28:33,82,731.71,,,
299,17:28:38,83,722.89,,,
300,17:28:48,84,714.29,2.8321339892698547,75.13121184086388,16.206693498101767
301,17:28:53,85,705.88,,,
302,17:28:58,86,697.67,,,
303,17:29:08,85,705.88,,,
304,17:29:13,84,714.29,,,
305,17:29:18,83,722.89,,,
306,17:29:33,83,722.89,,,
307,17:29:43,86,697.67,,,
308,17:29:48,86,697.67,,,
309,17:29:53,85,705.88,,,
310,17:29:59,84,714.29,,,
311,17:30:09,85,705.88,,,
312,17:30:14,86,697.67,,,
313,17:30:24,87,689.66,,,
314,17:30:34,86,697.67,,,
315,17:30:49,85,705.88,,,
316,17:30:59,86,697.67,,,
317,17:31:04,88,681.82,,,
318,17:31:14,87,689.66,,,
319,17:31:24,86,697.67,,,
320,17:31:29,85,705.88,,,
321,17:31:44,85,705.88,,,
322,17:31:54,85,705.88,,,
323,17:32:09,84,714.29,,,
324,17:32:14,83,722.89,,,
325,17:32:19,82,731.71,,,
326,17:32:24,83,722.89,,,
327,17:32:34,84,714.29,,,
328,17:32:44,85,705.88,,,
329,17:32:59,85,705.88,,,
330,17:33:04,84,714.29,,,
331,17:33:19,84,714.29,,,
332,17:33:34,85,705.88,,,
333,17:33:49,85,705.88,,,
334,17:33:54,86,697.67,,,
335,17:34:09,86,697.67,,,
336,17:34:24,87,689.66,,,
337,17:34:29,86,697.67,,,
338,17:34:34,85,705.88,,,
339,17:34:44,85,705.88,,,
340,17:34:59,84,714.29,,,
341,17:35:04,85,705.88,,,
342,17:35:19,85,705.88,,,
343,17:35:34,85,705.88,,,
344,17:35:39,86,697.67,,,
345,17:35:44,87,689.66,,,
346,17:35:49,88,681.82,,,
347,17:35:54,89,674.16,,,
348,17:36:09,89,674.16,,,
349,17:36:14,90,666.67,,,
350,17:36:19,93,645.16,,,
351,17:36:24,91,659.34,,,
352,17:36:29,90,666.67,,,
353,17:36:34,88,681.82,,,
354,17:36:39,87,689.66,,,
355,17:36:49,88,681.82,,,
356,17:37:04,88,681.82,,,
357,17:37:09,90,666.67,,,
358,17:37:14,91,659.34,,,
359,17:37:19,92,652.17,,,
360,17:37:24,93,645.16,,,
361,17:37:29,95,631.58,,,
362,17:37:34,96,625.0,,,
363,17:37:40,97,618.56,,,
364,17:37:45,101,594.06,,,
365,17:37:50,105,571.43,,,
366,17:37:55,108,555.56,,,
367,17:38:00,112,535.71,,,
368,17:38:05,115,521.74,,,
369,17:38:10,116,517.24,,,
370,17:38:15,115,521.74,,,
371,17:38:20,114,526.32,,,
372,17:38:30,113,530.97,,,
373,17:38:35,111,540.54,,,
374,17:38:40,110,545.45,,,
375,17:38:45,107,560.75,,,
376,17:38:50,106,566.04,,,
377,17:38:55,104,576.92,,,
378,17:39:05,103,582.52,,,
379,17:39:20,106,566.04,,,
380,17:39:25,103,582.52,,,
381,17:39:30,100,600.0,,,
382,17:39:35,97,618.56,,,
383,17:39:50,94,638.3,,,
384,17:39:55,93,645.16,,,
385,17:40:05,89,674.16,,,
386,17:40:10,88,681.82,,,
387,17:40:15,90,666.67,,,
388,17:40:20,91,659.34,,,
389,17:40:25,90,666.67,,,
390,17:40:30,90,666.67,,,
391,17:40:35,91,659.34,,,
392,17:40:40,96,625.0,,,
393,17:40:45,90,666.67,,,
394,17:40:50,84,714.29,,,
395,17:40:55,83,722.89,,,
396,17:41:00,84,714.29,,,
397,17:41:05,86,697.67,,,
398,17:41:15,86,697.67,,,
399,17:41:20,87,689.66,,,
400,17:41:25,88,681.82,11.519842012852068,57.960513887830686,12.771323978414147
401,17:41:30,90,666.67,,,
402,17:41:45,91,659.34,,,
403,17:41:55,94,638.3,,,
404,17:42:00,93,645.16,,,
405,17:42:05,87,689.66,,,
406,17:42:20,86,697.67,,,
407,17:42:30,87,689.66,,,
408,17:42:45,86,697.67,,,
409,17:42:55,85,705.88,,,
410,17:43:00,84,714.29,,,
411,17:43:05,83,722.89,,,
412,17:43:15,84,714.29,,,
413,17:43:20,85,705.88,,,
414,17:43:25,84,714.29,,,
415,17:43:35,85,705.88,,,
416,17:43:45,86,697.67,,,
417,17:43:50,87,689.66,,,
418,17:44:05,87,689.66,,,
419,17:44:15,88,681.82,,,
420,17:44:25,89,674.16,,,
421,17:44:40,89,674.16,,,
422,17:44:45,88,681.82,,,
423,17:44:55,85,705.88,,,
424,17:45:05,86,697.67,,,
425,17:45:10,87,689.66,,,
426,17:45:15,88,681.82,,,
427,17:45:20,86,697.67,,,
428,17:45:25,85,705.88,,,
429,17:45:30,84,714.29,,,
430,17:45:40,84,714.29,,,
431,17:45:55,84,714.29,,,
432,17:46:10,84,714.29,,,
433,17:46:15,83,722.89,,,
434,17:46:30,83,722.89,,,
435,17:46:45,83,722.89,,,
436,17:46:50,84,714.29,,,
437,17:47:05,84,714.29,,,
438,17:47:10,85,705.88,,,
439,17:47:25,84,714.29,,,
440,17:47:30,82,731.71,,,
441,17:47:35,89,674.16,,,
442,17:47:40,90,666.67,,,
443,17:47:45,89,674.16,,,
444,17:47:50,89,674.16,,,
445,17:48:05,89,674.16,,,
446,17:48:10,87,689.66,,,
447,17:48:15,86,697.67,,,
448,17:48:30,86,697.67,,,
449,17:48:45,89,674.16,,,
450,17:49:00,89,674.16,,,
451,17:49:05,90,666.67,,,
452,17:49:10,91,659.34,,,
453,17:49:15,93,645.16,,,
454,17:49:20,95,631.58,,,
455,17:49:35,96,625.0,,,
456,17:49:40,98,612.24,,,
457,17:49:45,101,594.06,,,
458,17:49:50,104,576.92,,,
459,17:49:55,105,571.43,,,
460,17:50:05,106,566.04,,,
461,17:50:15,103,582.52,,,
462,17:50:25,101,594.06,,,
463,17:50:30,98,612.24,,,
464,17:50:40,99,606.06,,,
465,17:50:50,96,625.0,,,
466,17:50:55,89,674.16,,,
467,17:51:00,88,681.82,,,
468,17:51:05,87,689.66,,,
469,17:51:10,86,697.67,,,
470,17:51:15,84,714.29,,,
471,17:51:20,85,705.88,,,
472,17:51:30,87,689.66,,,
473,17:51:35,89,674.16,,,
474,17:51:40,91,659.34,,,
475,17:51:45,92,652.17,,,
476,17:51:50,96,625.0,,,
477,17:51:55,97,618.56,,,
478,17:52:00,100,600.0,,,
479,17:52:05,104,576.92,,,
480,17:52:10,105,571.43,,,
481,17:52:15,106,566.04,,,
482,17:52:20,107,560.75,,,
483,17:52:25,108,555.56,,,
484,17:52:30,109,550.46,,,
485,17:52:35,113,530.97,,,
486,17:52:45,108,555.56,,,
487,17:52:50,106,566.04,,,
488,17:53:00,107,560.75,,,
489,17:53:05,105,571.43,,,
490,17:53:10,104,576.92,,,
491,17:53:15,103,582.52,,,
492,17:53:25,99,606.06,,,
493,17:53:30,96,625.0,,,
494,17:53:45,96,625.0,,,
495,17:53:50,99,606.06,,,
496,17:53:55,100,600.0,,,
497,17:54:01,99,606.06,,,
498,17:54:11,102,588.24,,,
499,17:54:16,103,582.52,,,
500,17:54:31,103,582.52,13.920609386350664,54.45814058448188,14.501614817779169
501,17:54:36,105,571.43,,,
502,17:54:41,106,566.04,,,
503,17:54:46,108,555.56,,,
504,17:54:51,109,550.46,,,
505,17:54:56,110,545.45,,,
506,17:55:06,112,535.71,,,
507,17:55:11,115,521.74,,,
508,17:55:26,115,521.74,,,
509,17:55:36,116,517.24,,,
510,17:55:41,117,512.82,,,
511,17:55:46,114,526.32,,,
512,17:55:51,113,530.97,,,
513,17:55:56,111,540.54,,,
514,17:56:06,113,530.97,,,
515,17:56:11,115,521.74,,,
516,17:56:16,117,512.82,,,
517,17:56:21,120,500.0,,,
518,17:56:26,124,483.87,,,
519,17:56:31,127,472.44,,,
520,17:56:36,128,468.75,,,
521,17:56:41,127,472.44,,,
522,17:56:51,128,468.75,,,
523,17:56:56,127,472.44,,,
524,17:57:01,125,480.0,,,
525,17:57:06,122,491.8,,,
526,17:57:16,119,504.2,,,
527,17:57:21,118,508.47,,,
528,17:57:36,117,512.82,,,
529,17:57:41,118,508.47,,,
530,17:57:46,123,487.8,,,
531,17:57:48,124,483.87,,,
532,17:57:51,125,480.0,,,
533,17:57:52,108,555.56,,,
534,17:57:55,108,555.56,,,
535,17:57:57,99,606.06,,,
536,17:58:00,99,606.06,,,
537,17:58:02,115,521.74,,,
538,17:58:05,115,521.74,,,
539,17:58:07,120,500.0,,,
540,17:58:10,120,500.0,,,
541,17:58:11,119,504.2,,,
542,17:58:12,120,500.0,,,
543,17:58:15,120,500.0,,,
544,17:58:17,110,545.45,,,
545,17:58:20,110,545.45,,,
546,17:58:22,120,500.0,,,
547,17:58:25,119,504.2,,,
548,17:58:27,95,631.58,,,
549,17:58:28,95,631.58,,,
550,17:58:31,95,631.58,,,
551,17:58:32,89,674.16,,,
552,17:58:35,89,674.16,,,
553,17:58:37,99,606.06,,,
554,17:58:40,99,606.06,,,
555,17:58:42,107,560.75,,,
556,17:58:45,107,560.75,,,
557,17:58:47,102,588.24,,,
558,17:58:50,102,588.24,,,
559,17:58:52,109,550.46,,,
560,17:58:53,108,555.56,,,
561,17:58:56,108,555.56,,,
562,17:58:57,111,540.54,,,
563,17:59:00,111,540.54,,,
564,17:59:03,111,540.54,,,
565,17:59:04,110,545.45,,,
566,17:59:07,111,540.54,,,
567,17:59:10,111,540.54,,,
568,17:59:12,118,508.47,,,
569,17:59:15,118,508.47,,,
570,17:59:17,120,500.0,,,
571,17:59:20,120,500.0,,,
572,17:59:22,127,472.44,,,
573,17:59:25,127,472.44,,,
574,17:59:26,127,472.44,,,
575,17:59:27,132,454.55,,,
576,17:59:30,132,454.55,,,
577,17:59:32,126,476.19,,,
578,17:59:35,126,476.19,,,
579,17:59:37,124,483.87,,,
580,17:59:40,124,483.87,,,
581,17:59:43,124,483.87,,,
582,17:59:46,124,483.87,,,
583,17:59:47,125,480.0,,,
584,17:59:50,125,480.0,,,
585,17:59:52,124,483.87,,,
586,17:59:55,124,483.87,,,
587,17:59:57,126,476.19,,,
588,18:00:00,126,476.19,,,
589,18:00:02,125,480.0,,,
590,18:00:05,124,483.87,,,
591,18:00:07,123,487.8,,,
592,18:00:15,123,487.8,,,
593,18:00:25,119,504.2,,,
594,18:00:30,118,508.47,,,
595,18:00:35,120,500.0,,,
596,18:00:45,115,521.74,,,
597,18:00:50,114,526.32,,,
598,18:00:55,120,500.0,,,
599,18:01:00,122,491.8,,,
600,18:01:05,118,508.47,4.190716209892792,46.574277686944384,23.43273123068015
601,18:01:10,114,526.32,,,
602,18:01:15,111,540.54,,,
603,18:01:20,110,545.45,,,
604,18:01:25,111,540.54,,,
605,18:01:30,110,545.45,,,
606,18:01:35,110,545.45,,,
607,18:01:40,113,530.97,,,
608,18:01:45,114,526.32,,,
609,18:01:50,116,517.24,,,
610,18:01:55,117,512.82,,,
611,18:02:00,119,504.2,,,
612,18:02:05,118,508.47,,,
613,18:02:10,117,512.82,,,
614,18:02:20,118,508.47,,,
615,18:02:30,122,491.8,,,
616,18:02:45,122,491.8,,,
617,18:02:50,121,495.87,,,
618,18:02:55,119,504.2,,,
619,18:03:00,118,508.47,,,
620,18:03:05,119,504.2,,,
621,18:03:10,121,495.87,,,
622,18:03:15,119,504.2,,,
623,18:03:20,114,526.32,,,
624,18:03:25,115,521.74,,,
625,18:03:30,114,526.32,,,
626,18:03:35,118,508.47,,,
627,18:03:40,116,517.24,,,
628,18:03:45,111,540.54,,,
629,18:03:50,109,550.46,,,
630,18:03:55,108,555.56,,,
631,18:04:00,107,560.75,,,
632,18:04:05,109,550.46,,,
633,18:04:10,110,545.45,,,
634,18:04:15,108,555.56,,,
635,18:04:20,106,566.04,,,
636,18:04:25,105,571.43,,,
637,18:04:30,102,588.24,,,
638,18:04:35,99,606.06,,,
639,18:04:45,100,600.0,,,
640,18:04:50,104,576.92,,,
641,18:04:55,103,582.52,,,
642,18:05:10,103,582.52,,,
643,18:05:15,99,606.06,,,
644,18:05:20,96,625.0,,,
645,18:05:25,92,652.17,,,
646,18:05:30,90,666.67,,,
647,18:05:40,88,681.82,,,
648,18:05:45,87,689.66,,,
649,18:05:55,87,689.66,,,
650,18:06:10,86,697.67,,,
651,18:06:20,85,705.88,,,
652,18:06:35,85,705.88,,,
653,18:06:45,89,674.16,,,
654,18:06:50,88,681.82,,,
655,18:06:55,89,674.16,,,
656,18:07:10,86,697.67,,,
657,18:07:15,84,714.29,,,
658,18:07:25,85,705.88,,,
659,18:07:40,84,714.29,,,
660,18:07:55,84,714.29,,,
661,18:08:00,85,705.88,,,
662,18:08:05,84,714.29,,,
663,18:08:10,83,722.89,,,
664,18:08:20,83,722.89,,,
665,18:08:25,84,714.29,,,
666,18:08:30,84,714.29,,,
667,18:08:35,83,722.89,,,
668,18:08:40,82,731.71,,,
669,18:08:45,80,750.0,,,
670,18:08:55,81,740.74,,,
671,18:09:00,82,731.71,,,
672,18:09:05,85,705.88,,,
673,18:09:10,85,705.88,,,
674,18:09:20,86,697.67,,,
675,18:09:35,88,681.82,,,
676,18:09:50,89,674.16,,,
677,18:09:55,89,674.16,,,
678,18:10:00,88,681.82,,,
679,18:10:05,87,689.66,,,
680,18:10:15,85,705.88,,,
681,18:10:20,84,714.29,,,
682,18:10:35,84,714.29,,,
683,18:10:40,81,740.74,,,
684,18:10:55,81,740.74,,,
685,18:11:05,81,740.74,,,
686,18:11:10,81,740.74,,,
687,18:11:15,82,731.71,,,
688,18:11:20,81,740.74,,,
689,18:11:25,81,740.74,,,
690,18:11:40,81,740.74,,,
691,18:11:55,81,740.74,,,
692,18:12:00,82,731.71,,,
693,18:12:05,81,740.74,,,
694,18:12:10,80,750.0,,,
695,18:12:15,78,769.23,,,
696,18:12:20,78,769.23,,,
697,18:12:30,77,779.22,,,
698,18:12:36,77,779.22,,,
699,18:12:41,80,750.0,,,
700,18:12:46,81,740.74,4.108188965015804,94.42765154766946,11.910433292375275
701,18:12:51,82,731.71,,,
702,18:13:06,83,722.89,,,
703,18:13:11,82,731.71,,,
704,18:13:16,82,731.71,,,
705,18:13:21,83,722.89,,,
706,18:13:31,85,705.88,,,
707,18:13:36,85,705.88,,,
708,18:13:51,85,705.88,,,
709,18:13:56,84,714.29,,,
710,18:14:01,82,731.71,,,
711,18:14:06,79,759.49,,,
712,18:14:16,81,740.74,,,
713,18:14:21,82,731.71,,,
714,18:14:26,83,722.89,,,
715,18:14:31,83,722.89,,,
716,18:14:36,84,714.29,,,
717,18:14:41,83,722.89,,,
718,18:14:46,82,731.71,,,
719,18:14:51,81,740.74,,,
720,18:15:06,82,731.71,,,
721,18:15:11,83,722.89,,,
722,18:15:16,80,750.0,,,
723,18:15:21,78,769.23,,,
724,18:15:26,80,750.0,,,
725,18:15:31,81,740.74,,,
726,18:15:36,83,722.89,,,
727,18:15:46,83,722.89,,,
728,18:16:01,83,722.89,,,
729,18:16:16,84,714.29,,,
730,18:16:21,85,705.88,,,
731,18:16:31,86,697.67,,,
732,18:16:41,85,705.88,,,
733,18:16:56,84,714.29,,,
734,18:17:01,85,705.88,,,
735,18:17:11,84,714.29,,,
736,18:17:16,83,722.89,,,
737,18:17:31,83,722.89,,,
738,18:17:36,81,740.74,,,
739,18:17:41,80,750.0,,,
740,18:17:51,79,759.49,,,
741,18:17:56,80,750.0,,,
742,18:18:01,81,740.74,,,
743,18:18:06,83,722.89,,,
744,18:18:11,82,731.71,,,
745,18:18:21,83,722.89,,,
746,18:18:31,83,722.89,,,
747,18:18:36,82,731.71,,,
748,18:18:46,83,722.89,,,
749,18:19:01,84,714.29,,,
750,18:19:11,85,705.88,,,
751,18:19:26,86,697.67,,,
752,18:19:31,85,705.88,,,
753,18:19:36,79,759.49,,,
754,18:19:41,79,759.49,,,
755,18:19:51,80,750.0,,,
756,18:19:56,80,750.0,,,
757,18:20:06,81,740.74,,,
758,18:20:21,81,740.74,,,
759,18:20:26,80,750.0,,,
760,18:20:36,78,769.23,,,
761,18:20:41,77,779.22,,,
762,18:20:51,77,779.22,,,
763,18:21:06,79,759.49,,,
764,18:21:11,78,769.23,,,
765,18:21:16,74,810.81,,,
766,18:21:21,72,833.33,,,
767,18:21:26,69,869.57,,,
768,18:21:31,69,869.57,,,
769,18:21:46,69,869.57,,,
770,18:21:56,70,857.14,,,
771,18:22:01,71,845.07,,,
772,18:22:06,71,845.07,,,
773,18:22:11,72,833.33,,,
774,18:22:16,73,821.92,,,
775,18:22:21,74,810.81,,,
776,18:22:31,75,800.0,,,
777,18:22:36,79,759.49,,,
778,18:22:41,80,750.0,,,
779,18:22:46,81,740.74,,,
780,18:22:56,83,722.89,,,
781,18:23:11,83,722.89,,,
782,18:23:16,84,714.29,,,
783,18:23:26,83,722.89,,,
784,18:23:31,81,740.74,,,
785,18:23:46,82,731.71,,,
786,18:23:51,83,722.89,,,
787,18:23:56,85,705.88,,,
788,18:24:06,86,697.67,,,
789,18:24:21,85,705.88,,,
790,18:24:36,83,722.89,,,
791,18:24:41,82,731.71,,,
792,18:24:46,80,750.0,,,
793,18:24:51,79,759.49,,,
794,18:24:56,79,759.49,,,
795,18:25:01,80,750.0,,,
796,18:25:11,79,759.49,,,
797,18:25:26,78,769.23,,,
798,18:25:36,78,769.23,,,
799,18:25:51,78,769.23,,,
800,18:25:56,79,759.49,4.182168864183584,40.288894373115795,14.016997726065503
801,18:26:01,79,759.49,,,
802,18:26:11,79,759.49,,,
803,18:26:26,77,779.22,,,
804,18:26:31,76,789.47,,,
805,18:26:36,78,769.23,,,
806,18:26:41,79,759.49,,,
807,18:26:46,80,750.0,,,
808,18:26:51,79,759.49,,,
809,18:27:01,80,750.0,,,
810,18:27:11,80,750.0,,,
811,18:27:26,80,750.0,,,
812,18:27:31,81,740.74,,,
813,18:27:41,79,759.49,,,
814,18:27:46,77,779.22,,,
815,18:27:51,77,779.22,,,
816,18:28:01,78,769.23,,,
817,18:28:06,77,779.22,,,
818,18:28:16,78,769.23,,,
819,18:28:26,79,759.49,,,
820,18:28:41,79,759.49,,,
821,18:28:46,79,759.49,,,
822,18:28:56,81,740.74,,,
823,18:29:06,79,759.49,,,
824,18:29:11,81,740.74,,,
825,18:29:26,81,740.74,,,
826,18:29:41,82,731.71,,,
827,18:29:46,93,645.16,,,
828,18:29:51,96,625.0,,,
829,18:29:56,95,631.58,,,
830,18:30:02,95,631.58,,,
831,18:30:07,94,638.3,,,
832,18:30:12,91,659.34,,,
833,18:30:17,88,681.82,,,
834,18:30:27,86,697.67,,,
835,18:30:32,82,731.71,,,
836,18:30:37,81,740.74,,,
837,18:30:52,81,740.74,,,
838,18:31:02,81,740.74,,,
839,18:31:12,80,750.0,,,
840,18:31:17,79,759.49,,,
841,18:31:22,79,759.49,,,
842,18:31:27,81,740.74,,,
843,18:31:37,82,731.71,,,
844,18:31:42,82,731.71,,,
845,18:31:47,83,722.89,,,
846,18:31:52,83,722.89,,,
847,18:31:57,83,722.89,,,
848,18:32:12,83,722.89,,,
849,18:32:22,84,714.29,,,
850,18:32:27,84,714.29,,,
851,18:32:42,84,714.29,,,
852,18:32:52,83,722.89,,,
853,18:32:57,84,714.29,,,
854,18:33:02,85,705.88,,,
855,18:33:17,82,731.71,,,
856,18:33:32,82,731.71,,,
857,18:33:37,82,731.71,,,
858,18:33:52,82,731.71,,,
859,18:33:57,84,714.29,,,
860,18:34:12,85,705.88,,,
861,18:34:17,83,722.89,,,
862,18:34:22,82,731.71,,,
863,18:34:37,82,731.71,,,
864,18:34:42,81,740.74,,,
865,18:34:52,84,714.29,,,
866,18:34:57,85,705.88,,,
867,18:35:02,85,705.88,,,
868,18:35:17,85,705.88,,,
869,18:35:27,86,697.67,,,
870,18:35:42,88,681.82,,,
871,18:35:47,92,652.17,,,
872,18:35:52,93,645.16,,,
873,18:35:57,92,652.17,,,
874,18:36:02,91,659.34,,,
875,18:36:07,90,666.67,,,
876,18:36:12,89,674.16,,,
877,18:36:17,87,689.66,,,
878,18:36:22,86,697.67,,,
879,18:36:27,85,705.88,,,
880,18:36:42,84,714.29,,,
881,18:36:47,83,722.89,,,
882,18:36:52,82,731.71,,,
883,18:37:07,82,731.71,,,
884,18:37:12,83,722.89,,,
885,18:37:17,84,714.29,,,
886,18:37:22,86,697.67,,,
887,18:37:27,87,689.66,,,
888,18:37:32,86,697.67,,,
889,18:37:37,85,705.88,,,
890,18:37:42,84,714.29,,,
891,18:37:47,83,722.89,,,
892,18:37:52,82,731.71,,,
893,18:38:02,84,714.29,,,
894,18:38:07,85,705.88,,,
895,18:38:22,83,722.89,,,
896,18:38:27,82,731.71,,,
897,18:38:32,81,740.74,,,
898,18:38:37,81,740.74,,,
899,18:38:47,83,722.89,,,
900,18:38:52,84,714.29,9.123094795186674,36.06904434147197,14.67848456384069
901,18:38:57,85,705.88,,,
902,18:39:02,86,697.67,,,
903,18:39:07,88,681.82,,,
904,18:39:12,87,689.66,,,
905,18:39:17,88,681.82,,,
906,18:39:32,88,681.82,,,
907,18:39:42,86,697.67,,,
908,18:39:47,85,705.88,,,
909,18:39:52,85,705.88,,,
910,18:39:57,84,714.29,,,
911,18:40:02,83,722.89,,,
912,18:40:17,84,714.29,,,
913,18:40:22,85,705.88,,,
914,18:40:27,85,705.88,,,
915,18:40:37,85,705.88,,,
916,18:40:42,86,697.67,,,
917,18:40:52,86,697.67,,,
918,18:40:57,86,697.67,,,
919,18:41:02,86,697.67,,,
920,18:41:07,84,714.29,,,
921,18:41:17,83,722.89,,,
922,18:41:27,84,714.29,,,
923,18:41:32,83,722.89,,,
924,18:41:37,82,731.71,,,
925,18:41:42,81,740.74,,,
926,18:41:47,80,750.0,,,
927,18:41:57,81,740.74,,,
928,18:42:02,82,731.71,,,
929,18:42:07,84,714.29,,,
930,18:42:12,85,705.88,,,
931,18:42:17,84,714.29,,,
932,18:42:32,84,714.29,,,
933,18:42:42,85,705.88,,,
934,18:42:47,86,697.67,,,
935,18:42:52,86,697.67,,,
936,18:43:02,83,722.89,,,
937,18:43:07,83,722.89,,,
938,18:43:12,83,722.89,,,
939,18:43:27,83,722.89,,,
940,18:43:37,84,714.29,,,
941,18:43:42,87,689.66,,,
942,18:43:52,85,705.88,,,
943,18:43:57,84,714.29,,,
944,18:44:02,83,722.89,,,
945,18:44:07,82,731.71,,,
946,18:44:12,80,750.0,,,
947,18:44:27,80,750.0,,,
948,18:44:42,81,740.74,,,
949,18:44:47,80,750.0,,,
950,18:44:52,79,759.49,,,
951,18:44:57,78,769.23,,,
952,18:45:07,76,789.47,,,
953,18:45:17,77,779.22,,,
954,18:45:32,77,779.22,,,
955,18:45:42,78,769.23,,,
956,18:45:47,77,779.22,,,
957,18:45:52,76,789.47,,,
958,18:46:02,75,800.0,,,
959,18:46:07,76,789.47,,,
960,18:46:12,77,779.22,,,
961,18:46:17,76,789.47,,,
962,18:46:32,76,789.47,,,
963,18:46:38,75,800.0,,,
964,18:46:43,76,789.47,,,
965,18:46:48,76,789.47,,,
966,18:46:53,75,800.0,,,
967,18:46:58,74,810.81,,,
968,18:47:03,75,800.0,,,
969,18:47:13,77,779.22,,,
970,18:47:18,78,769.23,,,
971,18:47:23,80,750.0,,,
972,18:47:28,81,740.74,,,
973,18:47:43,81,740.74,,,
974,18:47:53,81,740.74,,,
975,18:48:08,80,750.0,,,
976,18:48:13,79,759.49,,,
977,18:48:18,82,731.71,,,
978,18:48:28,81,740.74,,,
979,18:48:33,82,731.71,,,
980,18:48:43,81,740.74,,,
981,18:48:48,82,731.71,,,
982,18:48:58,81,740.74,,,
983,18:49:13,80,750.0,,,
984,18:49:23,79,759.49,,,
985,18:49:33,81,740.74,,,
986,18:49:38,82,731.71,,,
987,18:49:43,80,750.0,,,
988,18:49:48,76,789.47,,,
989,18:49:53,75,800.0,,,
990,18:49:58,73,821.92,,,
991,18:50:03,73,821.92,,,
992,18:50:13,74,810.81,,,
993,18:50:18,77,779.22,,,
994,18:50:28,78,769.23,,,
995,18:50:33,79,759.49,,,
996,18:50:38,81,740.74,,,
997,18:50:43,82,731.71,,,
998,18:50:48,81,740.74,,,
999,18:50:53,78,769.23,,,
1000,18:50:58,76,789.47,2.450413596721786,35.69075415158794,12.337600572185327
1001,18:51:03,76,789.47,,,
1002,18:51:13,75,800.0,,,
1003,18:51:23,72,833.33,,,
1004,18:51:28,71,845.07,,,
1005,18:51:38,72,833.33,,,
1006,18:51:43,73,821.92,,,
1007,18:51:48,74,810.81,,,
1008,18:51:53,72,833.33,,,
1009,18:51:58,71,845.07,,,
1010,18:52:08,72,833.33,,,
1011,18:52:13,73,821.92,,,
1012,18:52:18,74,810.81,,,
1013,18:52:23,77,779.22,,,
1014,18:52:28,79,759.49,,,
1015,18:52:33,80,750.0,,,
1016,18:52:38,79,759.49,,,
1017,18:52:43,79,759.49,,,
1018,18:52:53,78,769.23,,,
1019,18:52:58,77,779.22,,,
1020,18:53:08,78,769.23,,,
1021,18:53:13,79,759.49,,,
1022,18:53:28,78,769.23,,,
1023,18:53:33,76,789.47,,,
1024,18:53:38,74,810.81,,,
1025,18:53:48,75,800.0,,,
1026,18:53:53,75,800.0,,,
1027,18:54:03,76,789.47,,,
1028,18:54:08,78,769.23,,,
1029,18:54:13,79,759.49,,,
1030,18:54:23,78,769.23,,,
1031,18:54:33,79,759.49,,,
1032,18:54:38,78,769.23,,,
1033,18:54:43,79,759.49,,,
1034,18:54:48,79,759.49,,,
1035,18:54:58,79,759.49,,,
1036,18:55:03,78,769.23,,,
1037,18:55:18,78,769.23,,,
1038,18:55:28,76,789.47,,,
1039,18:55:33,75,800.0,,,
1040,18:55:48,75,800.0,,,
1041,18:56:03,75,800.0,,,
1042,18:56:08,76,789.47,,,
1043,18:56:13,77,779.22,,,
1044,18:56:18,77,779.22,,,
1045,18:56:23,78,769.23,,,
1046,18:56:28,77,779.22,,,
1047,18:56:38,77,779.22,,,
1048,18:56:48,78,769.23,,,
1049,18:56:53,79,759.49,,,
1050,18:56:58,78,769.23,,,
1051,18:57:03,77,779.22,,,
1052,18:57:08,76,789.47,,,
1053,18:57:13,75,800.0,,,
1054,18:57:28,75,800.0,,,
1055,18:57:38,81,740.74,,,
1056,18:57:43,84,714.29,,,
1057,18:57:48,79,759.49,,,
1058,18:57:53,76,789.47,,,
1059,18:58:08,76,789.47,,,
1060,18:58:13,76,789.47,,,
1061,18:58:18,77,779.22,,,
1062,18:58:23,77,779.22,,,
1063,18:58:33,77,779.22,,,
1064,18:58:48,77,779.22,,,
1065,18:58:58,80,750.0,,,
1066,18:59:03,81,740.74,,,
1067,18:59:08,82,731.71,,,
1068,18:59:23,82,731.71,,,
1069,18:59:28,81,740.74,,,
1070,18:59:43,81,740.74,,,
1071,18:59:48,80,750.0,,,
1072,18:59:53,81,740.74,,,
1073,18:59:58,79,759.49,,,
1074,19:00:03,74,810.81,,,
1075,19:00:08,73,821.92,,,
1076,19:00:13,74,810.81,,,
1077,19:00:18,75,800.0,,,
1078,19:00:33,75,800.0,,,
1079,19:00:43,76,789.47,,,
1080,19:00:48,76,789.47,,,
1081,19:01:03,76,789.47,,,
1082,19:01:18,76,789.47,,,
1083,19:01:33,76,789.47,,,
1084,19:01:48,75,800.0,,,
1085,19:01:58,74,810.81,,,
1086,19:02:08,80,750.0,,,
1087,19:02:13,81,740.74,,,
1088,19:02:18,80,750.0,,,
1089,19:02:33,80,750.0,,,
1090,19:02:48,80,750.0,,,
1091,19:02:53,82,731.71,,,
1092,19:03:03,80,750.0,,,
1093,19:03:08,75,800.0,,,
1094,19:03:13,75,800.0,,,
1095,19:03:18,76,789.47,,,
1096,19:03:24,76,789.47,,,
1097,19:03:29,77,779.22,,,
1098,19:03:34,78,769.23,,,
1099,19:03:44,76,789.47,,,
1100,19:03:49,76,789.47,1.4653076417507018,26.936728104387456,16.947881843755546
1101,19:03:59,78,769.23,,,
1102,19:04:04,77,779.22,,,
1103,19:04:09,77,779.22,,,
1104,19:04:14,78,769.23,,,
1105,19:04:24,77,779.22,,,
1106,19:04:39,78,769.23,,,
1107,19:04:54,77,779.22,,,
1108,19:05:09,77,779.22,,,
1109,19:05:19,78,769.23,,,
1110,19:05:24,77,779.22,,,
1111,19:05:29,78,769.23,,,
1112,19:05:39,79,759.49,,,
1113,19:05:49,80,750.0,,,
1114,19:05:54,82,731.71,,,
1115,19:05:59,79,759.49,,,
1116,19:06:04,77,779.22,,,
1117,19:06:19,79,759.49,,,
1118,19:06:29,77,779.22,,,
1119,19:06:39,76,789.47,,,
1120,19:06:44,76,789.47,,,
1121,19:06:54,77,779.22,,,
1122,19:06:59,78,769.23,,,
1123,19:07:04,78,769.23,,,
1124,19:07:09,77,779.22,,,
1125,19:07:14,76,789.47,,,
1126,19:07:29,77,779.22,,,
1127,19:07:34,76,789.47,,,
1128,19:07:39,74,810.81,,,
1129,19:07:44,71,845.07,,,
1130,19:07:49,69,869.57,,,
1131,19:07:54,70,857.14,,,
1132,19:07:59,71,845.07,,,
1133,19:08:04,72,833.33,,,
1134,19:08:14,73,821.92,,,
1135,19:08:19,74,810.81,,,
1136,19:08:29,75,800.0,,,
1137,19:08:34,76,789.47,,,
1138,19:08:39,77,779.22,,,
1139,19:08:49,76,789.47,,,
1140,19:08:54,73,821.92,,,
1141,19:09:04,74,810.81,,,
1142,19:09:09,76,789.47,,,
1143,19:09:14,78,769.23,,,
1144,19:09:29,78,769.23,,,
1145,19:09:39,77,779.22,,,
1146,19:09:49,78,769.23,,,
1147,19:09:54,79,759.49,,,
1148,19:09:59,80,750.0,,,
1149,19:10:04,79,759.49,,,
1150,19:10:09,79,759.49,,,
1151,19:10:24,79,759.49,,,
1152,19:10:39,80,750.0,,,
1153,19:10:44,84,714.29,,,
1154,19:10:49,85,705.88,,,
1155,19:10:54,81,740.74,,,
1156,19:10:59,74,810.81,,,
1157,19:11:04,73,821.92,,,
1158,19:11:14,72,833.33,,,
1159,19:11:24,73,821.92,,,
1160,19:11:39,74,810.81,,,
1161,19:11:44,75,800.0,,,
1162,19:11:49,75,800.0,,,
1163,19:11:54,76,789.47,,,
1164,19:12:09,79,759.49,,,
1165,19:12:14,80,750.0,,,
1166,19:12:24,81,740.74,,,
1167,19:12:29,82,731.71,,,
1168,19:12:34,80,750.0,,,
1169,19:12:39,73,821.92,,,
1170,19:12:44,70,857.14,,,
1171,19:12:54,71,845.07,,,
1172,19:12:59,72,833.33,,,
1173,19:13:14,72,833.33,,,
1174,19:13:19,74,810.81,,,
1175,19:13:24,75,800.0,,,
1176,19:13:29,71,845.07,,,
1177,19:13:34,68,882.35,,,
1178,19:13:39,64,937.5,,,
1179,19:13:44,62,967.74,,,
1180,19:13:49,60,1000.0,,,
1181,19:14:04,60,1000.0,,,
1182,19:14:09,61,983.61,,,
1183,19:14:14,62,967.74,,,
1184,19:14:29,63,952.38,,,
1185,19:14:34,64,937.5,,,
1186,19:14:49,64,937.5,,,
1187,19:14:59,66,909.09,,,
1188,19:15:04,74,810.81,,,
1189,19:15:09,75,800.0,,,
1190,19:15:14,77,779.22,,,
1191,19:15:19,78,769.23,,,
1192,19:15:24,80,750.0,,,
1193,19:15:29,81,740.74,,,
1194,19:15:34,80,750.0,,,
1195,19:15:39,79,759.49,,,
1196,19:15:49,80,750.0,,,
1197,19:15:59,79,759.49,,,
1198,19:16:09,79,759.49,,,
1199,19:16:14,79,759.49,,,
1200,19:16:29,79,759.49,4.404515734260524,62.63087958197715,22.178272924170408
1201,19:16:34,80,750.0,,,
1202,19:16:39,81,740.74,,,
1203,19:16:44,82,731.71,,,
1204,19:16:49,81,740.74,,,
1205,19:16:59,80,750.0,,,
1206,19:17:04,77,779.22,,,
1207,19:17:19,77,779.22,,,
1208,19:17:24,78,769.23,,,
1209,19:17:39,78,769.23,,,
1210,19:17:44,79,759.49,,,
1211,19:17:54,79,759.49,,,
1212,19:17:59,78,769.23,,,
1213,19:18:04,77,779.22,,,
1214,19:18:09,76,789.47,,,
1215,19:18:14,77,779.22,,,
1216,19:18:19,77,779.22,,,
1217,19:18:34,77,779.22,,,
1218,19:20:05,78,769.23,,,
1219,19:20:10,78,769.23,,,
1220,19:20:15,77,779.22,,,
1221,19:20:30,77,779.22,,,
1222,19:20:35,75,800.0,,,
1223,19:20:50,75,800.0,,,
1224,19:20:55,76,789.47,,,
1225,19:21:00,75,800.0,,,
1226,19:21:15,75,800.0,,,
1227,19:21:25,76,789.47,,,
1228,19:21:30,77,779.22,,,
1229,19:21:35,78,769.23,,,
1230,19:21:50,78,769.23,,,
1231,19:21:55,77,779.22,,,
1232,19:22:10,78,769.23,,,
1233,19:22:15,78,769.23,,,
1234,19:22:20,77,779.22,,,
1235,19:22:25,76,789.47,,,
1236,19:22:35,75,800.0,,,
1237,19:22:40,73,821.92,,,
1238,19:22:45,74,810.81,,,
1239,19:23:00,74,810.81,,,
1240,19:23:05,75,800.0,,,
1241,19:23:20,75,800.0,,,
1242,19:23:25,75,800.0,,,
1243,19:23:35,76,789.47,,,
1244,19:23:45,76,789.47,,,
1245,19:23:50,75,800.0,,,
1246,19:24:00,74,810.81,,,
1247,19:24:05,72,833.33,,,
1248,19:24:10,69,869.57,,,
1249,19:24:15,66,909.09,,,
1250,19:24:20,67,895.52,,,
1251,19:24:35,68,882.35,,,
1252,19:24:45,69,869.57,,,
1253,19:24:50,72,833.33,,,
1254,19:24:55,80,750.0,,,
1255,19:25:10,79,759.49,,,
1256,19:25:15,78,769.23,,,
1257,19:25:20,79,759.49,,,
1258,19:25:35,79,759.49,,,
1259,19:25:45,80,750.0,,,
1260,19:26:00,80,750.0,,,
1261,19:26:05,81,740.74,,,
1262,19:26:15,79,759.49,,,
1263,19:26:25,83,722.89,,,
1264,19:26:30,87,689.66,,,
1265,19:26:35,92,652.17,,,
1266,19:26:40,101,594.06,,,
1267,19:26:45,104,576.92,,,
1268,19:26:50,105,571.43,,,
1269,19:26:55,106,566.04,,,
1270,19:27:00,106,566.04,,,
1271,19:27:10,105,571.43,,,
1272,19:27:20,112,535.71,,,
1273,19:27:25,118,508.47,,,
1274,19:27:30,122,491.8,,,
1275,19:27:35,127,472.44,,,
1276,19:27:50,125,480.0,,,
1277,19:27:55,123,487.8,,,
1278,19:28:00,124,483.87,,,
1279,19:28:05,126,476.19,,,
1280,19:28:10,126,476.19,,,
1281,19:28:13,126,476.19,,,
1282,19:28:14,117,512.82,,,
1283,19:28:17,117,512.82,,,
1284,19:28:19,108,555.56,,,
1285,19:28:22,108,555.56,,,
1286,19:28:24,107,560.75,,,
1287,19:28:27,107,560.75,,,
1288,19:28:29,111,540.54,,,
1289,19:28:32,111,540.54,,,
1290,19:28:34,104,576.92,,,
1291,19:28:37,104,576.92,,,
1292,19:28:39,92,652.17,,,
1293,19:28:42,92,652.17,,,
1294,19:28:44,98,612.24,,,
1295,19:28:47,98,612.24,,,
1296,19:28:49,100,600.0,,,
1297,19:28:52,100,600.0,,,
1298,19:28:54,99,606.06,,,
1299,19:28:57,99,606.06,,,
1300,19:29:00,99,606.06,11.141869059729848,118.63791249564044,20.208806636131825
1301,19:29:03,99,606.06,,,
1302,19:29:06,99,606.06,,,
1303,19:29:09,99,606.06,,,
1304,19:29:10,99,606.06,,,
1305,19:29:13,99,606.06,,,
1306,19:29:14,98,612.24,,,
1307,19:29:17,98,612.24,,,
1308,19:29:20,98,612.24,,,
1309,19:29:23,98,612.24,,,
1310,19:29:24,97,618.56,,,
1311,19:29:27,97,618.56,,,
1312,19:29:29,95,631.58,,,
1313,19:29:32,95,631.58,,,
1314,19:29:34,94,638.3,,,
1315,19:29:37,94,638.3,,,
1316,19:29:40,94,638.3,,,
1317,19:29:43,94,638.3,,,
1318,19:29:46,94,638.3,,,
1319,19:29:49,97,618.56,,,
1320,19:29:55,100,600.0,,,
1321,19:30:00,101,594.06,,,
1322,19:30:10,102,588.24,,,
1323,19:30:20,96,625.0,,,
1324,19:30:25,90,666.67,,,
1325,19:30:30,87,689.66,,,
1326,19:30:40,87,689.66,,,
1327,19:30:45,86,697.67,,,
1328,19:31:00,86,697.67,,,
1329,19:31:10,88,681.82,,,
1330,19:31:15,90,666.67,,,
1331,19:31:20,92,652.17,,,
1332,19:31:25,94,638.3,,,
1333,19:31:30,95,631.58,,,
1334,19:31:35,96,625.0,,,
1335,19:31:40,97,618.56,,,
1336,19:31:45,99,606.06,,,
1337,19:31:50,100,600.0,,,
1338,19:31:55,101,594.06,,,
1339,19:32:00,102,588.24,,,
1340,19:32:05,104,576.92,,,
1341,19:32:10,105,571.43,,,
1342,19:32:15,108,555.56,,,
1343,19:32:20,111,540.54,,,
1344,19:32:25,112,535.71,,,
1345,19:32:30,115,521.74,,,
1346,19:32:35,113,530.97,,,
1347,19:32:40,113,530.97,,,
1348,19:32:45,114,526.32,,,
1349,19:32:55,116,517.24,,,
1350,19:33:00,117,512.82,,,
1351,19:33:10,120,500.0,,,
1352,19:33:15,117,512.82,,,
1353,19:33:20,111,540.54,,,
1354,19:33:25,108,555.56,,,
1355,19:33:35,111,540.54,,,
1356,19:33:40,113,530.97,,,
1357,19:33:45,115,521.74,,,
1358,19:33:50,116,517.24,,,
1359,19:34:05,116,517.24,,,
1360,19:34:10,117,512.82,,,
1361,19:34:15,119,504.2,,,
1362,19:34:20,122,491.8,,,
1363,19:34:25,123,487.8,,,
1364,19:34:35,122,491.8,,,
1365,19:34:40,125,480.0,,,
1366,19:34:45,126,476.19,,,
1367,19:34:50,123,487.8,,,
1368,19:35:05,123,487.8,,,
1369,19:35:10,122,491.8,,,
1370,19:35:20,123,487.8,,,
1371,19:35:25,124,483.87,,,
1372,19:35:35,122,491.8,,,
1373,19:35:45,125,480.0,,,
1374,19:35:51,126,476.19,,,
1375,19:35:56,127,472.44,,,
1376,19:36:01,128,468.75,,,
1377,19:36:16,127,472.44,,,
1378,19:36:26,125,480.0,,,
1379,19:36:31,123,487.8,,,
1380,19:36:36,124,483.87,,,
1381,19:36:51,124,483.87,,,
1382,19:36:56,123,487.8,,,
1383,19:37:01,122,491.8,,,
1384,19:37:06,114,526.32,,,
1385,19:37:16,114,526.32,,,
1386,19:37:21,111,540.54,,,
1387,19:37:26,110,545.45,,,
1388,19:37:31,111,540.54,,,
1389,19:37:36,108,555.56,,,
1390,19:37:41,102,588.24,,,
1391,19:37:46,99,606.06,,,
1392,19:38:01,99,606.06,,,
1393,19:38:06,100,600.0,,,
1394,19:38:11,102,588.24,,,
1395,19:38:16,103,582.52,,,
1396,19:38:21,104,576.92,,,
1397,19:38:26,107,560.75,,,
1398,19:38:31,111,540.54,,,
1399,19:38:36,112,535.71,,,
1400,19:38:41,117,512.82,7.859199916013729,62.87898404438914,11.842498243464703
1401,19:38:46,122,491.8,,,
1402,19:38:51,123,487.8,,,
1403,19:38:56,124,483.87,,,
1404,19:39:01,126,476.19,,,
1405,19:39:06,124,483.87,,,
1406,19:39:11,122,491.8,,,
1407,19:39:21,123,487.8,,,
1408,19:39:31,124,483.87,,,
1409,19:39:36,123,487.8,,,
1410,19:39:41,122,491.8,,,
1411,19:39:46,126,476.19,,,
1412,19:39:51,129,465.12,,,
1413,19:39:56,128,468.75,,,
1414,19:40:01,127,472.44,,,
1415,19:40:06,126,476.19,,,
1416,19:40:16,125,480.0,,,
1417,19:40:21,126,476.19,,,
1418,19:40:36,127,472.44,,,
1419,19:40:41,130,461.54,,,
1420,19:40:46,129,465.12,,,
1421,19:40:51,128,468.75,,,
1422,19:40:56,130,461.54,,,
1423,19:41:06,129,465.12,,,
1424,19:41:10,128,468.75,,,
1425,19:41:13,128,468.75,,,
1426,19:41:14,125,480.0,,,
1427,19:41:17,125,480.0,,,
1428,19:41:19,123,487.8,,,
1429,19:41:22,123,487.8,,,
1430,19:41:24,117,512.82,,,
1431,19:41:27,117,512.82,,,
1432,19:41:29,118,508.47,,,
1433,19:41:32,118,508.47,,,
1434,19:41:34,117,512.82,,,
1435,19:41:37,117,512.82,,,
1436,19:41:39,116,517.24,,,
1437,19:41:42,116,517.24,,,
1438,19:41:44,117,512.82,,,
1439,19:41:47,117,512.82,,,
1440,19:41:49,120,500.0,,,
1441,19:41:52,120,500.0,,,
1442,19:41:55,120,500.0,,,
1443,19:41:58,120,500.0,,,
1444,19:41:59,122,491.8,,,
1445,19:42:02,122,491.8,,,
1446,19:42:04,120,500.0,,,
1447,19:42:07,120,500.0,,,
1448,19:42:09,121,495.87,,,
1449,19:42:12,121,495.87,,,
1450,19:42:14,123,487.8,,,
1451,19:42:15,123,487.8,,,
1452,19:42:18,123,487.8,,,
1453,19:42:19,126,476.19,,,
1454,19:42:22,126,476.19,,,
1455,19:42:24,128,468.75,,,
1456,19:42:27,128,468.75,,,
1457,19:42:29,132,454.55,,,
1458,19:42:32,132,454.55,,,
1459,19:42:34,131,458.02,,,
1460,19:42:37,131,458.02,,,
1461,19:42:39,133,451.13,,,
1462,19:42:42,133,451.13,,,
1463,19:42:44,130,461.54,,,
1464,19:42:47,130,461.54,,,
1465,19:42:49,128,468.75,,,
1466,19:42:55,120,500.0,,,
1467,19:43:00,119,504.2,,,
1468,19:43:05,120,500.0,,,
1469,19:43:10,121,495.87,,,
1470,19:43:25,121,495.87,,,
1471,19:43:30,122,491.8,,,
1472,19:43:40,123,487.8,,,
1473,19:43:45,123,487.8,,,
1474,19:43:50,122,491.8,,,
1475,19:44:05,121,495.87,,,
1476,19:44:10,118,508.47,,,
1477,19:44:20,117,512.82,,,
1478,19:44:25,119,504.2,,,
1479,19:44:30,114,526.32,,,
1480,19:44:35,116,517.24,,,
1481,19:44:40,119,504.2,,,
1482,19:44:45,120,500.0,,,
1483,19:44:50,116,517.24,,,
1484,19:44:55,111,540.54,,,
1485,19:45:00,108,555.56,,,
1486,19:45:05,109,550.46,,,
1487,19:45:15,110,545.45,,,
1488,19:45:20,113,530.97,,,
1489,19:45:25,115,521.74,,,
1490,19:45:30,116,517.24,,,
1491,19:45:35,111,540.54,,,
1492,19:45:40,114,526.32,,,
1493,19:45:45,117,512.82,,,
1494,19:45:55,116,517.24,,,
1495,19:46:05,115,521.74,,,
1496,19:46:15,113,530.97,,,
1497,19:46:20,112,535.71,,,
1498,19:46:25,111,540.54,,,
1499,19:46:30,110,545.45,,,
1500,19:46:35,109,550.46,10.79994394362547,24.444878205770422,8.951361670582626
1501,19:46:40,108,555.56,,,
1502,19:46:45,111,540.54,,,
1503,19:46:50,109,550.46,,,
1504,19:46:55,105,571.43,,,
1505,19:47:00,104,576.92,,,
1506,19:47:10,105,571.43,,,
1507,19:47:15,104,576.92,,,
1508,19:47:20,96,625.0,,,
1509,19:47:25,88,681.82,,,
1510,19:47:35,92,652.17,,,
1511,19:47:45,90,666.67,,,
1512,19:47:50,93,645.16,,,
1513,19:47:55,94,638.3,,,
1514,19:48:00,93,645.16,,,
1515,19:48:05,94,638.3,,,
1516,19:48:10,94,638.3,,,
1517,19:48:20,95,631.58,,,
1518,19:48:25,92,652.17,,,
1519,19:48:35,93,645.16,,,
1520,19:48:40,92,652.17,,,
1521,19:48:45,90,666.67,,,
1522,19:48:55,91,659.34,,,
1523,19:49:00,90,666.67,,,
1524,19:49:05,91,659.34,,,
1525,19:49:10,89,674.16,,,
1526,19:49:25,90,666.67,,,
1527,19:49:40,89,674.16,,,
1528,19:49:45,85,705.88,,,
1529,19:49:50,84,714.29,,,
1530,19:49:55,85,705.88,,,
1531,19:50:10,86,697.67,,,
1532,19:50:15,87,689.66,,,
1533,19:50:20,88,681.82,,,
1534,19:50:25,87,689.66,,,
1535,19:50:30,84,714.29,,,
1536,19:50:35,83,722.89,,,
1537,19:50:40,81,740.74,,,
1538,19:50:50,84,714.29,,,
1539,19:51:00,85,705.88,,,
1540,19:51:05,84,714.29,,,
1541,19:51:10,85,705.88,,,
1542,19:51:15,86,697.67,,,
1543,19:51:25,85,705.88,,,
1544,19:51:35,86,697.67,,,
1545,19:51:40,87,689.66,,,
1546,19:51:45,89,674.16,,,
1547,19:51:50,89,674.16,,,
1548,19:52:05,89,674.16,,,
1549,19:52:20,88,681.82,,,
1550,19:52:30,87,689.66,,,
1551,19:52:35,86,697.67,,,
1552,19:52:40,86,697.67,,,
1553,19:52:45,85,705.88,,,
1554,19:52:50,82,731.71,,,
1555,19:52:55,80,750.0,,,
1556,19:53:10,80,750.0,,,
1557,19:53:20,82,731.71,,,
1558,19:53:25,85,705.88,,,
1559,19:53:30,86,697.67,,,
1560,19:53:35,87,689.66,,,
1561,19:53:45,86,697.67,,,
1562,19:53:50,87,689.66,,,
1563,19:53:55,88,681.82,,,
1564,19:54:10,89,674.16,,,
1565,19:54:20,88,681.82,,,
1566,19:54:30,90,666.67,,,
1567,19:54:35,91,659.34,,,
1568,19:54:40,90,666.67,,,
1569,19:54:50,89,674.16,,,
1570,19:55:05,90,666.67,,,
1571,19:55:10,92,652.17,,,
1572,19:55:15,91,659.34,,,
1573,19:55:20,88,681.82,,,
1574,19:55:25,88,681.82,,,
1575,19:55:35,87,689.66,,,
1576,19:55:45,88,681.82,,,
1577,19:55:50,87,689.66,,,
1578,19:56:00,90,666.67,,,
1579,19:56:05,89,674.16,,,
1580,19:56:10,88,681.82,,,
1581,19:56:15,90,666.67,,,
1582,19:56:20,93,645.16,,,
1583,19:56:25,94,638.3,,,
1584,19:56:30,95,631.58,,,
1585,19:56:45,95,631.58,,,
1586,19:57:00,93,645.16,,,
1587,19:57:05,91,659.34,,,
1588,19:57:20,91,659.34,,,
1589,19:57:25,93,645.16,,,
1590,19:57:30,94,638.3,,,
1591,19:57:40,93,645.16,,,
1592,19:57:55,94,638.3,,,
1593,19:58:00,95,631.58,,,
1594,19:58:05,96,625.0,,,
1595,19:58:10,98,612.24,,,
1596,19:58:15,99,606.06,,,
1597,19:58:20,100,600.0,,,
1598,19:58:25,102,588.24,,,
1599,19:58:30,103,582.52,,,
1600,19:58:35,109,550.46,3.801460945398634,44.33473932277241,14.195995594148762
1601,19:58:40,108,555.56,,,
1602,19:58:45,105,571.43,,,
1603,19:58:50,104,576.92,,,
1604,19:58:55,105,571.43,,,
1605,19:59:00,106,566.04,,,
1606,19:59:05,104,576.92,,,
1607,19:59:10,96,625.0,,,
1608,19:59:15,97,618.56,,,
1609,19:59:20,101,594.06,,,
1610,19:59:30,102,588.24,,,
1611,19:59:35,106,566.04,,,
1612,19:59:40,104,576.92,,,
1613,19:59:45,103,582.52,,,
1614,19:59:50,101,594.06,,,
1615,19:59:55,97,618.56,,,
1616,20:00:00,100,600.0,,,
1617,20:00:05,103,582.52,,,
1618,20:00:10,107,560.75,,,
1619,20:00:20,107,560.75,,,
1620,20:00:30,108,555.56,,,
1621,20:00:35,103,582.52,,,
1622,20:00:40,100,600.0,,,
1623,20:00:45,101,594.06,,,
1624,20:00:55,104,576.92,,,
1625,20:01:00,103,582.52,,,
1626,20:01:05,104,576.92,,,
1627,20:01:10,102,588.24,,,
1628,20:01:16,99,606.06,,,
1629,20:01:21,94,638.3,,,
1630,20:01:26,92,652.17,,,
1631,20:01:41,95,631.58,,,
1632,20:01:56,96,625.0,,,
1633,20:02:01,95,631.58,,,
1634,20:02:06,94,638.3,,,
1635,20:02:11,91,659.34,,,
1636,20:02:16,88,681.82,,,
1637,20:02:26,87,689.66,,,
1638,20:02:31,85,705.88,,,
1639,20:02:46,86,697.67,,,
1640,20:02:56,85,705.88,,,
1641,20:03:11,85,705.88,,,
1642,20:03:16,86,697.67,,,
1643,20:03:26,85,705.88,,,
1644,20:03:41,85,705.88,,,
1645,20:03:56,85,705.88,,,
1646,20:04:11,85,705.88,,,
1647,20:04:16,89,674.16,,,
1648,20:04:21,90,666.67,,,
1649,20:04:26,91,659.34,,,
1650,20:04:31,92,652.17,,,
1651,20:04:41,91,659.34,,,
1652,20:04:51,93,645.16,,,
1653,20:04:56,94,638.3,,,
1654,20:05:01,95,631.58,,,
1655,20:05:06,95,631.58,,,
1656,20:05:21,93,645.16,,,
1657,20:05:31,92,652.17,,,
1658,20:05:36,91,659.34,,,
1659,20:05:41,88,681.82,,,
1660,20:05:46,87,689.66,,,
1661,20:05:56,87,689.66,,,
1662,20:06:06,87,689.66,,,
1663,20:06:16,88,681.82,,,
1664,20:06:21,89,674.16,,,
1665,20:06:26,90,666.67,,,
1666,20:06:31,92,652.17,,,
1667,20:06:36,93,645.16,,,
1668,20:06:41,94,638.3,,,
1669,20:06:51,94,638.3,,,
1670,20:06:56,95,631.58,,,
1671,20:07:06,96,625.0,,,
1672,20:07:21,96,625.0,,,
1673,20:07:26,94,638.3,,,
1674,20:07:31,95,631.58,,,
1675,20:07:36,95,631.58,,,
1676,20:07:51,95,631.58,,,
1677,20:07:56,96,625.0,,,
1678,20:08:11,96,625.0,,,
1679,20:08:16,97,618.56,,,
1680,20:08:21,96,625.0,,,
1681,20:08:26,94,638.3,,,
1682,20:08:31,94,638.3,,,
1683,20:08:36,95,631.58,,,
1684,20:08:51,95,631.58,,,
1685,20:09:01,94,638.3,,,
1686,20:09:06,94,638.3,,,
1687,20:09:11,93,645.16,,,
1688,20:09:26,93,645.16,,,
1689,20:09:41,93,645.16,,,
1690,20:09:51,94,638.3,,,
1691,20:10:06,95,631.58,,,
1692,20:10:11,96,625.0,,,
1693,20:10:16,96,625.0,,,
1694,20:10:26,97,618.56,,,
1695,20:10:36,95,631.58,,,
1696,20:10:41,92,652.17,,,
1697,20:10:51,93,645.16,,,
1698,20:10:56,94,638.3,,,
1699,20:11:06,96,625.0,,,
1700,20:11:11,98,612.24,9.374174603522343,40.42807489589232,12.64928576256503
1701,20:11:16,100,600.0,,,
1702,20:11:31,98,612.24,,,
1703,20:11:36,97,618.56,,,
1704,20:11:46,96,625.0,,,
1705,20:12:01,95,631.58,,,
1706,20:12:06,94,638.3,,,
1707,20:12:11,92,652.17,,,
1708,20:12:16,92,652.17,,,
1709,20:12:21,91,659.34,,,
1710,20:12:26,93,645.16,,,
1711,20:12:31,92,652.17,,,
1712,20:12:36,93,645.16,,,
1713,20:12:46,95,631.58,,,
1714,20:12:51,96,625.0,,,
1715,20:12:56,97,618.56,,,
1716,20:13:01,98,612.24,,,
1717,20:13:06,100,600.0,,,
1718,20:13:16,98,612.24,,,
1719,20:13:21,99,606.06,,,
1720,20:13:26,98,612.24,,,
1721,20:13:36,99,606.06,,,
1722,20:13:41,98,612.24,,,
1723,20:13:51,96,625.0,,,
1724,20:14:01,95,631.58,,,
1725,20:14:06,94,638.3,,,
1726,20:14:11,95,631.58,,,
1727,20:14:21,95,631.58,,,
1728,20:14:26,96,625.0,,,
1729,20:14:41,95,631.58,,,
1730,20:14:46,94,638.3,,,
1731,20:14:56,95,631.58,,,
1732,20:15:01,96,625.0,,,
1733,20:15:16,96,625.0,,,
1734,20:15:21,95,631.58,,,
1735,20:15:26,94,638.3,,,
1736,20:15:31,95,631.58,,,
1737,20:15:36,94,638.3,,,
1738,20:15:41,93,645.16,,,
1739,20:15:56,94,638.3,,,
1740,20:16:11,94,638.3,,,
1741,20:16:16,96,625.0,,,
1742,20:16:26,95,631.58,,,
1743,20:16:31,96,625.0,,,
1744,20:16:36,95,631.58,,,
1745,20:16:51,96,625.0,,,
1746,20:16:56,95,631.58,,,
1747,20:17:01,96,625.0,,,
1748,20:17:16,96,625.0,,,
1749,20:17:26,95,631.58,,,
1750,20:17:31,96,625.0,,,
1751,20:17:46,96,625.0,,,
1752,20:17:51,98,612.24,,,
1753,20:18:06,98,612.24,,,
1754,20:18:16,97,618.56,,,
1755,20:18:31,97,618.56,,,
1756,20:18:36,96,625.0,,,
1757,20:18:41,96,625.0,,,
1758,20:18:51,97,618.56,,,
1759,20:18:56,98,612.24,,,
1760,20:19:02,96,625.0,,,
1761,20:19:07,95,631.58,,,
1762,20:19:17,96,625.0,,,
1763,20:19:22,95,631.58,,,
1764,20:19:32,95,631.58,,,
1765,20:19:37,95,631.58,,,
1766,20:19:42,94,638.3,,,
1767,20:19:57,94,638.3,,,
1768,20:20:12,94,638.3,,,
1769,20:20:17,93,645.16,,,
1770,20:20:22,92,652.17,,,
1771,20:20:32,93,645.16,,,
1772,20:20:37,94,638.3,,,
1773,20:20:47,95,631.58,,,
1774,20:21:02,95,631.58,,,
1775,20:21:12,98,612.24,,,
1776,20:21:17,99,606.06,,,
1777,20:21:22,94,638.3,,,
1778,20:21:27,91,659.34,,,
1779,20:21:32,90,666.67,,,
1780,20:21:42,87,689.66,,,
1781,20:21:47,86,697.67,,,
1782,20:21:52,87,689.66,,,
1783,20:22:02,86,697.67,,,
1784,20:22:07,90,666.67,,,
1785,20:22:12,93,645.16,,,
1786,20:22:17,95,631.58,,,
1787,20:22:22,94,638.3,,,
1788,20:22:27,91,659.34,,,
1789,20:22:37,92,652.17,,,
1790,20:22:47,91,659.34,,,
1791,20:22:52,90,666.67,,,
1792,20:23:02,87,689.66,,,
1793,20:23:07,83,722.89,,,
1794,20:23:17,84,714.29,,,
1795,20:23:22,85,705.88,,,
1796,20:23:27,87,689.66,,,
1797,20:23:32,89,674.16,,,
1798,20:23:37,89,674.16,,,
1799,20:23:42,88,681.82,,,
1800,20:23:47,87,689.66,3.7341100743603324,25.359215371987123,10.65959718381573
1801,20:23:57,87,689.66,,,
1802,20:24:02,87,689.66,,,
1803,20:24:12,88,681.82,,,
1804,20:24:22,87,689.66,,,
1805,20:24:27,85,705.88,,,
1806,20:24:32,86,697.67,,,
1807,20:24:37,88,681.82,,,
1808,20:24:42,87,689.66,,,
1809,20:24:47,86,697.67,,,
1810,20:25:02,86,697.67,,,
1811,20:25:12,85,705.88,,,
1812,20:25:22,85,705.88,,,
1813,20:25:27,86,697.67,,,
1814,20:25:32,88,681.82,,,
1815,20:25:37,89,674.16,,,
1816,20:25:42,87,689.66,,,
1817,20:25:47,86,697.67,,,
1818,20:25:52,83,722.89,,,
1819,20:25:57,82,731.71,,,
1820,20:26:02,81,740.74,,,
1821,20:26:17,81,740.74,,,
1822,20:26:22,80,750.0,,,
1823,20:26:27,80,750.0,,,
1824,20:26:32,81,740.74,,,
1825,20:26:37,82,731.71,,,
1826,20:26:42,84,714.29,,,
1827,20:26:52,84,714.29,,,
1828,20:26:57,85,705.88,,,
1829,20:27:02,87,689.66,,,
1830,20:27:12,86,697.67,,,
1831,20:27:27,87,689.66,,,
1832,20:27:32,88,681.82,,,
1833,20:27:47,90,666.67,,,
1834,20:28:11,70,857.14,,,
1835,20:28:21,80,750.0,,,
1836,20:28:26,93,645.16,,,
1837,20:28:31,91,659.34,,,
1838,20:28:36,88,681.82,,,
1839,20:28:51,89,674.16,,,
1840,20:28:56,91,659.34,,,
1841,20:29:01,91,659.34,,,
1842,20:29:16,91,659.34,,,
1843,20:29:26,90,666.67,,,
1844,20:29:31,89,674.16,,,
1845,20:29:36,88,681.82,,,
1846,20:29:41,87,689.66,,,
1847,20:29:46,86,697.67,,,
1848,20:29:51,87,689.66,,,
1849,20:29:56,87,689.66,,,
1850,20:30:06,86,697.67,,,
1851,20:30:11,84,714.29,,,
1852,20:30:16,84,714.29,,,
1853,20:30:26,86,697.67,,,
1854,20:30:31,85,705.88,,,
1855,20:30:36,84,714.29,,,
1856,20:30:41,82,731.71,,,
1857,20:30:46,79,759.49,,,
1858,20:30:51,78,769.23,,,
1859,20:30:56,78,769.23,,,
1860,20:31:01,79,759.49,,,
1861,20:31:06,80,750.0,,,
1862,20:31:11,78,769.23,,,
1863,20:31:26,78,769.23,,,
1864,20:31:31,79,759.49,,,
1865,20:31:36,80,750.0,,,
1866,20:31:41,81,740.74,,,
1867,20:31:46,83,722.89,,,
1868,20:31:51,84,714.29,,,
1869,20:31:56,83,722.89,,,
1870,20:32:01,82,731.71,,,
1871,20:32:06,81,740.74,,,
1872,20:32:11,81,740.74,,,
1873,20:32:21,80,750.0,,,
1874,20:32:26,79,759.49,,,
1875,20:32:41,79,759.49,,,
1876,20:32:46,79,759.49,,,
1877,20:32:51,80,750.0,,,
1878,20:33:06,84,714.29,,,
1879,20:33:11,85,705.88,,,
1880,20:33:16,84,714.29,,,
1881,20:33:31,84,714.29,,,
1882,20:33:36,85,705.88,,,
1883,20:33:41,84,714.29,,,
1884,20:33:51,83,722.89,,,
1885,20:33:56,82,731.71,,,
1886,20:34:01,83,722.89,,,
1887,20:34:16,86,697.67,,,
1888,20:34:21,87,689.66,,,
1889,20:34:26,85,705.88,,,
1890,20:34:31,83,722.89,,,
1891,20:34:36,81,740.74,,,
1892,20:34:41,81,740.74,,,
1893,20:34:46,82,731.71,,,
1894,20:34:51,83,722.89,,,
1895,20:35:01,84,714.29,,,
1896,20:35:06,84,714.29,,,
1897,20:35:21,84,714.29,,,
1898,20:35:31,84,714.29,,,
1899,20:35:41,83,722.89,,,
1900,20:35:51,84,714.29,1.165994619395866,32.538164478599036,26.796038773285026
1901,20:36:01,84,714.29,,,
1902,20:36:06,85,705.88,,,
1903,20:36:11,84,714.29,,,
1904,20:36:16,83,722.89,,,
1905,20:36:21,82,731.71,,,
1906,20:36:36,82,731.71,,,
1907,20:36:41,84,714.29,,,
1908,20:36:46,85,705.88,,,
1909,20:36:56,86,697.67,,,
1910,20:37:11,86,697.67,,,
1911,20:37:17,90,666.67,,,
1912,20:37:22,89,674.16,,,
1913,20:37:27,88,681.82,,,
1914,20:37:32,86,697.67,,,
1915,20:37:47,87,689.66,,,
1916,20:37:52,86,697.67,,,
1917,20:38:02,85,705.88,,,
1918,20:38:07,84,714.29,,,
1919,20:38:22,84,714.29,,,
1920,20:38:37,84,714.29,,,
1921,20:38:47,83,722.89,,,
1922,20:38:52,81,740.74,,,
1923,20:39:07,82,731.71,,,
1924,20:39:17,83,722.89,,,
1925,20:39:27,85,705.88,,,
1926,20:39:37,81,740.74,,,
1927,20:39:42,81,740.74,,,
1928,20:39:47,82,731.71,,,
1929,20:39:52,83,722.89,,,
1930,20:39:57,84,714.29,,,
1931,20:40:02,83,722.89,,,
1932,20:40:17,82,731.71,,,
1933,20:40:27,81,740.74,,,
1934,20:40:32,81,740.74,,,
1935,20:40:47,82,731.71,,,
1936,20:40:52,84,714.29,,,
1937,20:40:57,85,705.88,,,
1938,20:41:02,85,705.88,,,
1939,20:41:07,85,705.88,,,
1940,20:41:22,85,705.88,,,
1941,20:41:27,84,714.29,,,
1942,20:41:42,85,705.88,,,
1943,20:41:47,85,705.88,,,
1944,20:41:57,86,697.67,,,
1945,20:42:02,86,697.67,,,
1946,20:42:17,87,689.66,,,
1947,20:42:27,86,697.67,,,
1948,20:42:32,87,689.66,,,
1949,20:42:37,87,689.66,,,
1950,20:42:42,88,681.82,,,
1951,20:42:57,88,681.82,,,
1952,20:43:12,87,689.66,,,
1953,20:43:17,85,705.88,,,
1954,20:43:22,84,714.29,,,
1955,20:43:27,83,722.89,,,
1956,20:43:32,82,731.71,,,
1957,20:43:42,83,722.89,,,
1958,20:43:47,83,722.89,,,
1959,20:44:02,83,722.89,,,
1960,20:44:07,85,705.88,,,
1961,20:44:12,84,714.29,,,
1962,20:44:22,85,705.88,,,
1963,20:44:37,83,722.89,,,
1964,20:44:42,82,731.71,,,
1965,20:44:47,82,731.71,,,
1966,20:45:02,82,731.71,,,
1967,20:45:12,84,714.29,,,
1968,20:45:22,85,705.88,,,
1969,20:45:27,84,714.29,,,
1970,20:45:32,82,731.71,,,
1971,20:45:37,81,740.74,,,
1972,20:45:52,81,740.74,,,
1973,20:45:57,82,731.71,,,
1974,20:46:02,86,697.67,,,
1975,20:46:07,87,689.66,,,
1976,20:46:12,86,697.67,,,
1977,20:46:22,85,705.88,,,
1978,20:46:27,84,714.29,,,
1979,20:46:32,84,714.29,,,
1980,20:46:37,83,722.89,,,
1981,20:46:42,82,731.71,,,
1982,20:46:57,82,731.71,,,
1983,20:47:02,83,722.89,,,
1984,20:47:12,84,714.29,,,
1985,20:47:17,83,722.89,,,
1986,20:47:22,82,731.71,,,
1987,20:47:32,84,714.29,,,
1988,20:47:42,83,722.89,,,
1989,20:47:57,84,714.29,,,
1990,20:48:12,83,722.89,,,
1991,20:48:22,84,714.29,,,
1992,20:48:27,85,705.88,,,
1993,20:48:32,84,714.29,,,
1994,20:48:42,85,705.88,,,
1995,20:48:47,86,697.67,,,
1996,20:49:02,86,697.67,,,
1997,20:49:12,85,705.88,,,
1998,20:49:17,84,714.29,,,
1999,20:49:32,83,722.89,,,
2000,20:49:47,86,697.67,1.9402505689610436,16.066705525855195,10.57701729929072
2001,20:49:52,86,697.67,,,
2002,20:50:02,87,689.66,,,
2003,20:50:07,88,681.82,,,
2004,20:50:12,88,681.82,,,
2005,20:50:22,87,689.66,,,
2006,20:50:37,87,689.66,,,
2007,20:50:42,86,697.67,,,
2008,20:50:47,89,674.16,,,
2009,20:50:52,90,666.67,,,
2010,20:50:57,86,697.67,,,
2011,20:51:02,84,714.29,,,
2012,20:51:07,84,714.29,,,
2013,20:51:12,83,722.89,,,
2014,20:51:27,83,722.89,,,
2015,20:51:32,84,714.29,,,
2016,20:51:37,85,705.88,,,
2017,20:51:47,86,697.67,,,
2018,20:52:02,86,697.67,,,
2019,20:52:03,85,705.88,,,
2020,20:52:13,84,714.29,,,
2021,20:52:28,84,714.29,,,
2022,20:52:33,86,697.67,,,
2023,20:52:38,85,705.88,,,
2024,20:52:43,84,714.29,,,
2025,20:52:48,80,750.0,,,
2026,20:52:53,81,740.74,,,
2027,20:52:58,82,731.71,,,
2028,20:53:03,81,740.74,,,
2029,20:53:13,81,740.74,,,
2030,20:53:23,82,731.71,,,
2031,20:53:38,82,731.71,,,
2032,20:53:48,81,740.74,,,
2033,20:53:53,80,750.0,,,
2034,20:54:08,79,759.49,,,
2035,20:54:13,79,759.49,,,
2036,20:54:18,80,750.0,,,
2037,20:54:33,81,740.74,,,
2038,20:54:43,82,731.71,,,
2039,20:54:53,81,740.74,,,
2040,20:54:58,81,740.74,,,
2041,20:55:13,81,740.74,,,
2042,20:55:23,80,750.0,,,
2043,20:55:38,80,750.0,,,
2044,20:55:43,79,759.49,,,
2045,20:55:58,79,759.49,,,
2046,20:56:03,79,759.49,,,
2047,20:56:08,81,740.74,,,
2048,20:56:13,82,731.71,,,
2049,20:56:18,84,714.29,,,
2050,20:56:23,85,705.88,,,
2051,20:56:38,85,705.88,,,
2052,20:56:53,85,705.88,,,
2053,20:57:08,85,705.88,,,
2054,20:57:23,85,705.88,,,
2055,20:57:38,85,705.88,,,
2056,20:57:48,87,689.66,,,
2057,20:57:53,92,652.17,,,
2058,20:57:58,88,681.82,,,
2059,20:58:03,84,714.29,,,
2060,20:58:08,82,731.71,,,
2061,20:58:13,81,740.74,,,
2062,20:58:18,82,731.71,,,
2063,20:58:28,82,731.71,,,
2064,20:58:43,84,714.29,,,
2065,20:58:48,85,705.88,,,
2066,20:59:03,86,697.67,,,
2067,20:59:18,84,714.29,,,
2068,20:59:23,83,722.89,,,
2069,20:59:28,85,705.88,,,
2070,20:59:33,85,705.88,,,
2071,20:59:38,84,714.29,,,
2072,20:59:48,83,722.89,,,
2073,20:59:53,84,714.29,,,
2074,20:59:58,83,722.89,,,
2075,21:00:08,84,714.29,,,
2076,21:00:23,84,714.29,,,
2077,21:00:38,84,714.29,,,
2078,21:00:53,83,722.89,,,
2079,21:01:08,82,731.71,,,
2080,21:01:13,81,740.74,,,
2081,21:01:18,81,740.74,,,
2082,21:01:23,82,731.71,,,
2083,21:01:28,81,740.74,,,
2084,21:01:43,81,740.74,,,
2085,21:01:48,82,731.71,,,
2086,21:01:58,83,722.89,,,
2087,21:02:08,83,722.89,,,
2088,21:02:13,82,731.71,,,
2089,21:02:28,81,740.74,,,
2090,21:02:43,80,750.0,,,
2091,21:02:53,81,740.74,,,
2092,21:02:58,82,731.71,,,
2093,21:03:03,83,722.89,,,
2094,21:03:08,82,731.71,,,
2095,21:03:13,81,740.74,,,
2096,21:03:23,81,740.74,,,
2097,21:03:28,80,750.0,,,
2098,21:03:33,80,750.0,,,
2099,21:03:38,80,750.0,,,
2100,21:03:48,84,714.29,1.693575629846438,22.41262334133166,11.427384926684947
2101,21:03:58,83,722.89,,,
2102,21:04:03,81,740.74,,,
2103,21:04:08,81,740.74,,,
2104,21:04:23,81,740.74,,,
2105,21:04:28,81,740.74,,,
2106,21:04:38,79,759.49,,,
2107,21:04:53,79,759.49,,,
2108,21:05:08,79,759.49,,,
2109,21:05:23,80,750.0,,,
2110,21:05:28,81,740.74,,,
2111,21:05:33,80,750.0,,,
2112,21:05:38,77,779.22,,,
2113,21:05:53,78,769.23,,,
2114,21:05:58,80,750.0,,,
2115,21:06:03,81,740.74,,,
2116,21:06:08,82,731.71,,,
2117,21:06:23,82,731.71,,,
2118,21:06:38,82,731.71,,,
2119,21:06:43,81,740.74,,,
2120,21:06:58,81,740.74,,,
2121,21:07:13,80,750.0,,,
2122,21:07:18,78,769.23,,,
2123,21:07:33,78,769.23,,,
2124,21:07:48,78,769.23,,,
2125,21:07:53,77,779.22,,,
2126,21:07:58,76,789.47,,,
2127,21:08:13,74,810.81,,,
2128,21:08:18,73,821.92,,,
2129,21:08:28,74,810.81,,,
2130,21:08:33,75,800.0,,,
2131,21:08:38,76,789.47,,,
2132,21:08:48,77,779.22,,,
2133,21:08:53,78,769.23,,,
2134,21:09:08,78,769.23,,,
2135,21:09:18,77,779.22,,,
2136,21:09:28,76,789.47,,,
2137,21:09:33,73,821.92,,,
2138,21:09:43,75,800.0,,,
2139,21:09:53,74,810.81,,,
2140,21:10:03,75,800.0,,,
2141,21:10:08,79,759.49,,,
2142,21:10:13,80,750.0,,,
2143,21:10:18,78,769.23,,,
2144,21:10:23,77,779.22,,,
2145,21:10:28,78,769.23,,,
2146,21:10:33,79,759.49,,,
2147,21:10:38,80,750.0,,,
2148,21:10:43,79,759.49,,,
2149,21:10:58,79,759.49,,,
2150,21:11:29,79,759.49,,,
2151,21:11:44,80,750.0,,,
2152,21:11:49,81,740.74,,,
2153,21:11:54,79,759.49,,,
2154,21:12:09,81,740.74,,,
2155,21:12:14,82,731.71,,,
2156,21:12:19,81,740.74,,,
2157,21:12:24,79,759.49,,,
2158,21:12:39,78,769.23,,,
2159,21:12:49,77,779.22,,,
2160,21:13:04,77,779.22,,,
2161,21:13:14,76,789.47,,,
2162,21:13:29,76,789.47,,,
2163,21:13:39,77,779.22,,,
2164,21:13:54,77,779.22,,,
2165,21:14:04,78,769.23,,,
2166,21:14:09,77,779.22,,,
2167,21:14:24,77,779.22,,,
2168,21:14:29,79,759.49,,,
2169,21:14:34,80,750.0,,,
2170,21:14:39,83,722.89,,,
2171,21:14:44,85,705.88,,,
2172,21:14:49,85,705.88,,,
2173,21:14:54,84,714.29,,,
2174,21:15:09,85,705.88,,,
2175,21:15:19,84,714.29,,,
2176,21:15:34,84,714.29,,,
2177,21:15:39,84,714.29,,,
2178,21:15:49,83,722.89,,,
2179,21:15:54,82,731.71,,,
2180,21:15:59,81,740.74,,,
2181,21:16:04,80,750.0,,,
2182,21:16:09,79,759.49,,,
2183,21:16:24,81,740.74,,,
2184,21:16:29,84,714.29,,,
2185,21:16:39,83,722.89,,,
2186,21:16:44,82,731.71,,,
2187,21:16:49,81,740.74,,,
2188,21:16:59,81,740.74,,,
2189,21:17:04,81,740.74,,,
2190,21:17:14,82,731.71,,,
2191,21:17:19,82,731.71,,,
2192,21:17:34,80,750.0,,,
2193,21:17:49,80,750.0,,,
2194,21:18:04,80,750.0,,,
2195,21:18:19,81,740.74,,,
2196,21:18:24,83,722.89,,,
2197,21:18:29,82,731.71,,,
2198,21:18:34,80,750.0,,,
2199,21:18:39,79,759.49,,,
2200,21:18:54,79,759.49,4.329032570872079,26.601655393731964,12.573384106070561
2201,21:19:09,79,759.49,,,
2202,21:19:19,78,769.23,,,
2203,21:19:24,77,779.22,,,
2204,21:19:29,77,779.22,,,
2205,21:19:34,78,769.23,,,
2206,21:19:49,78,769.23,,,
2207,21:20:04,78,769.23,,,
2208,21:20:14,79,759.49,,,
2209,21:20:24,78,769.23,,,
2210,21:20:29,79,759.49,,,
2211,21:20:39,80,750.0,,,
2212,21:20:54,79,759.49,,,
2213,21:20:59,79,759.49,,,
2214,21:21:09,80,750.0,,,
2215,21:21:24,80,750.0,,,
2216,21:21:34,81,740.74,,,
2217,21:21:49,81,740.74,,,
2218,21:21:54,82,731.71,,,
2219,21:22:09,86,697.67,,,
2220,21:22:14,89,674.16,,,
2221,21:22:29,90,666.67,,,
2222,21:22:44,89,674.16,,,
2223,21:22:49,90,666.67,,,
2224,21:22:59,91,659.34,,,
2225,21:23:04,94,638.3,,,
2226,21:23:09,93,645.16,,,
2227,21:23:14,92,652.17,,,
2228,21:23:19,94,638.3,,,
2229,21:23:24,97,618.56,,,
2230,21:23:29,98,612.24,,,
2231,21:23:34,99,606.06,,,
2232,21:23:39,100,600.0,,,
2233,21:23:49,101,594.06,,,
2234,21:23:59,102,588.24,,,
2235,21:24:09,101,594.06,,,
2236,21:24:14,102,588.24,,,
2237,21:24:24,104,576.92,,,
2238,21:24:29,102,588.24,,,
2239,21:24:34,96,625.0,,,
2240,21:24:39,97,618.56,,,
2241,21:24:44,96,625.0,,,
2242,21:24:49,97,618.56,,,
2243,21:24:54,99,606.06,,,
2244,21:24:59,98,612.24,,,
2245,21:25:09,104,576.92,,,
2246,21:25:14,106,566.04,,,
2247,21:25:19,104,576.92,,,
2248,21:25:24,102,588.24,,,
2249,21:25:29,106,566.04,,,
2250,21:25:34,104,576.92,,,
2251,21:25:39,105,571.43,,,
2252,21:25:44,106,566.04,,,
2253,21:25:49,105,571.43,,,
2254,21:25:54,103,582.52,,,
2255,21:25:59,104,576.92,,,
2256,21:26:04,102,588.24,,,
2257,21:26:14,102,588.24,,,
2258,21:26:20,101,594.06,,,
2259,21:26:25,101,594.06,,,
2260,21:26:30,102,588.24,,,
2261,21:26:40,104,576.92,,,
2262,21:26:45,105,571.43,,,
2263,21:26:50,106,566.04,,,
2264,21:27:05,106,566.04,,,
2265,21:27:15,106,566.04,,,
2266,21:27:20,105,571.43,,,
2267,21:27:25,104,576.92,,,
2268,21:27:30,102,588.24,,,
2269,21:27:35,99,606.06,,,
2270,21:27:45,100,600.0,,,
2271,21:27:50,105,571.43,,,
2272,21:27:55,106,566.04,,,
2273,21:28:00,108,555.56,,,
2274,21:28:05,110,545.45,,,
2275,21:28:15,112,535.71,,,
2276,21:28:25,111,540.54,,,
2277,21:28:30,108,555.56,,,
2278,21:28:35,105,571.43,,,
2279,21:28:50,105,571.43,,,
2280,21:28:55,102,588.24,,,
2281,21:29:05,106,566.04,,,
2282,21:29:10,107,560.75,,,
2283,21:29:15,106,566.04,,,
2284,21:29:20,109,550.46,,,
2285,21:29:25,111,540.54,,,
2286,21:29:35,109,550.46,,,
2287,21:29:45,111,540.54,,,
2288,21:29:55,108,555.56,,,
2289,21:30:00,103,582.52,,,
2290,21:30:05,98,612.24,,,
2291,21:30:10,98,612.24,,,
2292,21:30:15,97,618.56,,,
2293,21:30:25,98,612.24,,,
2294,21:30:30,99,606.06,,,
2295,21:30:40,98,612.24,,,
2296,21:30:55,101,594.06,,,
2297,21:31:05,102,588.24,,,
2298,21:31:15,101,594.06,,,
2299,21:31:25,102,588.24,,,
2300,21:31:35,107,560.75,3.032300645920796,72.63946594856635,12.3446412125532
2301,21:31:40,105,571.43,,,
2302,21:31:50,105,571.43,,,
2303,21:31:55,106,566.04,,,
2304,21:32:00,105,571.43,,,
2305,21:32:10,104,576.92,,,
2306,21:32:15,101,594.06,,,
2307,21:32:20,100,600.0,,,
2308,21:32:30,99,606.06,,,
2309,21:32:35,97,618.56,,,
2310,21:32:40,96,625.0,,,
2311,21:32:45,94,638.3,,,
2312,21:32:50,92,652.17,,,
2313,21:33:05,93,645.16,,,
2314,21:33:20,93,645.16,,,
2315,21:33:35,93,645.16,,,
2316,21:33:50,93,645.16,,,
2317,21:33:55,94,638.3,,,
2318,21:34:00,94,638.3,,,
2319,21:34:05,95,631.58,,,
2320,21:34:10,96,625.0,,,
2321,21:34:25,96,625.0,,,
2322,21:34:30,95,631.58,,,
2323,21:34:35,94,638.3,,,
2324,21:34:40,95,631.58,,,
2325,21:34:45,94,638.3,,,
2326,21:35:00,93,645.16,,,
2327,21:35:05,92,652.17,,,
2328,21:35:10,93,645.16,,,
2329,21:35:15,91,659.34,,,
2330,21:35:20,89,674.16,,,
2331,21:35:30,91,659.34,,,
2332,21:35:35,94,638.3,,,
2333,21:35:40,95,631.58,,,
2334,21:35:45,97,618.56,,,
2335,21:35:50,98,612.24,,,
2336,21:36:00,97,618.56,,,
2337,21:36:05,96,625.0,,,
2338,21:36:10,98,612.24,,,
2339,21:36:15,101,594.06,,,
2340,21:36:20,108,555.56,,,
2341,21:36:25,109,550.46,,,
2342,21:36:35,111,540.54,,,
2343,21:36:40,112,535.71,,,
2344,21:36:45,113,530.97,,,
2345,21:36:50,112,535.71,,,
2346,21:36:55,113,530.97,,,
2347,21:37:00,114,526.32,,,
2348,21:37:05,109,550.46,,,
2349,21:37:10,101,594.06,,,
2350,21:37:15,100,600.0,,,
2351,21:37:25,99,606.06,,,
2352,21:37:35,95,631.58,,,
2353,21:37:40,94,638.3,,,
2354,21:37:45,94,638.3,,,
2355,21:38:00,95,631.58,,,
2356,21:38:10,99,606.06,,,
2357,21:38:15,105,571.43,,,
2358,21:38:30,105,571.43,,,
2359,21:38:35,104,576.92,,,
2360,21:38:40,103,582.52,,,
2361,21:38:50,104,576.92,,,
2362,21:38:55,102,588.24,,,
2363,21:39:05,101,594.06,,,
2364,21:39:10,104,576.92,,,
2365,21:39:15,102,588.24,,,
2366,21:39:20,99,606.06,,,
2367,21:39:25,100,600.0,,,
2368,21:39:30,104,576.92,,,
2369,21:39:35,110,545.45,,,
2370,21:39:40,108,555.56,,,
2371,21:39:45,106,566.04,,,
2372,21:39:50,102,588.24,,,
2373,21:39:55,104,576.92,,,
2374,21:40:00,105,571.43,,,
2375,21:40:05,106,566.04,,,
2376,21:40:10,107,560.75,,,
2377,21:40:15,103,582.52,,,
2378,21:40:20,102,588.24,,,
2379,21:40:25,100,600.0,,,
2380,21:40:30,99,606.06,,,
2381,21:40:40,102,588.24,,,
2382,21:40:50,103,582.52,,,
2383,21:40:55,102,588.24,,,
2384,21:41:00,100,600.0,,,
2385,21:41:05,103,582.52,,,
2386,21:41:10,104,576.92,,,
2387,21:41:15,101,594.06,,,
2388,21:41:20,99,606.06,,,
2389,21:41:30,100,600.0,,,
2390,21:41:35,102,588.24,,,
2391,21:41:40,101,594.06,,,
2392,21:41:45,102,588.24,,,
2393,21:41:50,101,594.06,,,
2394,21:41:55,102,588.24,,,
2395,21:42:00,101,594.06,,,
2396,21:42:05,102,588.24,,,
2397,21:42:15,100,600.0,,,
2398,21:42:20,101,594.06,,,
2399,21:42:30,98,612.24,,,
2400,21:42:35,97,618.56,10.284055189709115,33.13901915652552,13.010243710789636
2401,21:42:40,98,612.24,,,
2402,21:42:50,100,600.0,,,
2403,21:43:00,105,571.43,,,
2404,21:43:05,109,550.46,,,
2405,21:43:10,112,535.71,,,
2406,21:43:15,108,555.56,,,
2407,21:43:20,106,566.04,,,
2408,21:43:25,103,582.52,,,
2409,21:43:30,101,594.06,,,
2410,21:43:35,97,618.56,,,
2411,21:43:45,99,606.06,,,
2412,21:43:50,98,612.24,,,
2413,21:43:55,97,618.56,,,
2414,21:44:00,96,625.0,,,
2415,21:44:05,97,618.56,,,
2416,21:44:15,99,606.06,,,
2417,21:44:25,98,612.24,,,
2418,21:44:35,95,631.58,,,
2419,21:44:40,96,625.0,,,
2420,21:44:46,98,612.24,,,
2421,21:45:01,99,606.06,,,
2422,21:45:06,101,594.06,,,
2423,21:45:11,103,582.52,,,
2424,21:45:16,109,550.46,,,
2425,21:45:21,110,545.45,,,
2426,21:45:26,107,560.75,,,
2427,21:45:31,105,571.43,,,
2428,21:45:41,106,566.04,,,
2429,21:45:46,104,576.92,,,
2430,21:45:51,103,582.52,,,
2431,21:45:56,103,582.52,,,
2432,21:46:01,102,588.24,,,
2433,21:46:06,101,594.06,,,
2434,21:46:16,98,612.24,,,
2435,21:46:21,99,606.06,,,
2436,21:46:31,98,612.24,,,
2437,21:46:36,99,606.06,,,
2438,21:46:41,101,594.06,,,
2439,21:46:46,102,588.24,,,
2440,21:46:51,104,576.92,,,
2441,21:46:56,103,582.52,,,
2442,21:47:01,104,576.92,,,
2443,21:47:06,105,571.43,,,
2444,21:47:11,107,560.75,,,
2445,21:47:16,106,566.04,,,
2446,21:47:21,106,566.04,,,
2447,21:47:26,106,566.04,,,
2448,21:47:31,109,550.46,,,
2449,21:47:36,110,545.45,,,
2450,21:47:46,105,571.43,,,
2451,21:47:51,103,582.52,,,
2452,21:47:56,103,582.52,,,
2453,21:48:11,103,582.52,,,
2454,21:48:16,105,571.43,,,
2455,21:48:31,104,576.92,,,
2456,21:48:41,105,571.43,,,
2457,21:48:56,105,571.43,,,
2458,21:49:01,106,566.04,,,
2459,21:49:06,108,555.56,,,
2460,21:49:11,110,545.45,,,
2461,21:49:16,113,530.97,,,
2462,21:49:21,114,526.32,,,
2463,21:49:26,116,517.24,,,
2464,21:49:31,119,504.2,,,
2465,21:49:36,121,495.87,,,
2466,21:49:41,120,500.0,,,
2467,21:49:46,119,504.2,,,
2468,21:49:51,117,512.82,,,
2469,21:49:56,116,517.24,,,
2470,21:50:01,117,512.82,,,
2471,21:50:06,118,508.47,,,
2472,21:50:11,119,504.2,,,
2473,21:50:16,121,495.87,,,
2474,21:50:21,121,495.87,,,
2475,21:50:26,122,491.8,,,
2476,21:50:36,121,495.87,,,
2477,21:50:41,119,504.2,,,
2478,21:50:46,118,508.47,,,
2479,21:50:51,115,521.74,,,
2480,21:50:56,112,535.71,,,
2481,21:51:01,110,545.45,,,
2482,21:51:16,113,530.97,,,
2483,21:51:21,116,517.24,,,
2484,21:51:26,118,508.47,,,
2485,21:51:31,119,504.2,,,
2486,21:51:36,121,495.87,,,
2487,21:51:41,122,491.8,,,
2488,21:51:46,121,495.87,,,
2489,21:51:51,120,500.0,,,
2490,21:52:06,120,500.0,,,
2491,21:52:21,120,500.0,,,
2492,21:52:26,121,495.87,,,
2493,21:52:31,122,491.8,,,
2494,21:52:36,125,480.0,,,
2495,21:52:41,127,472.44,,,
2496,21:52:46,126,476.19,,,
2497,21:52:51,125,480.0,,,
2498,21:53:06,127,472.44,,,
2499,21:53:11,128,468.75,,,
2500,21:53:16,129,465.12,5.924227103138428,45.332128706254274,10.559606235006292
2501,21:53:21,129,465.12,,,
2502,21:53:36,129,465.12,,,
2503,21:53:46,130,461.54,,,
2504,21:53:51,127,472.44,,,
2505,21:53:56,123,487.8,,,
2506,21:54:11,126,476.19,,,
2507,21:54:16,125,480.0,,,
2508,21:54:21,125,480.0,,,
2509,21:54:26,124,483.87,,,
2510,21:54:31,122,491.8,,,
2511,21:54:36,119,504.2,,,
2512,21:54:41,120,500.0,,,
2513,21:54:46,119,504.2,,,
2514,21:54:51,119,504.2,,,
2515,21:55:01,118,508.47,,,
2516,21:55:06,117,512.82,,,
2517,21:55:16,116,517.24,,,
2518,21:55:21,113,530.97,,,
2519,21:55:26,107,560.75,,,
2520,21:55:31,104,576.92,,,
2521,21:55:36,106,566.04,,,
2522,21:55:41,105,571.43,,,
2523,21:55:46,104,576.92,,,
2524,21:55:51,105,571.43,,,
2525,21:56:06,110,545.45,,,
2526,21:56:11,115,521.74,,,
2527,21:56:16,119,504.2,,,
2528,21:56:21,119,504.2,,,
2529,21:56:26,120,500.0,,,
2530,21:56:31,123,487.8,,,
2531,21:56:36,123,487.8,,,
2532,21:56:41,124,483.87,,,
2533,21:56:51,126,476.19,,,
2534,21:56:56,128,468.75,,,
2535,21:57:01,127,472.44,,,
2536,21:57:06,124,483.87,,,
2537,21:57:11,121,495.87,,,
2538,21:57:16,118,508.47,,,
2539,21:57:26,119,504.2,,,
2540,21:57:31,120,500.0,,,
2541,21:57:41,119,504.2,,,
2542,21:57:46,116,517.24,,,
2543,21:57:51,111,540.54,,,
2544,21:57:56,110,545.45,,,
2545,21:58:06,111,540.54,,,
2546,21:58:11,115,521.74,,,
2547,21:58:16,114,526.32,,,
2548,21:58:21,116,517.24,,,
2549,21:58:26,118,508.47,,,
2550,21:58:31,119,504.2,,,
2551,21:58:36,118,508.47,,,
2552,21:58:41,117,512.82,,,
2553,21:58:46,114,526.32,,,
2554,21:58:51,113,530.97,,,
2555,21:58:56,117,512.82,,,
2556,21:59:01,119,504.2,,,
2557,21:59:06,118,508.47,,,
2558,21:59:11,116,517.24,,,
2559,21:59:16,114,526.32,,,
2560,21:59:21,115,521.74,,,
2561,21:59:26,113,530.97,,,
2562,21:59:31,110,545.45,,,
2563,21:59:36,117,512.82,,,
2564,21:59:41,124,483.87,,,
2565,21:59:46,123,487.8,,,
2566,21:59:56,122,491.8,,,
2567,22:00:01,120,500.0,,,
2568,22:00:06,116,517.24,,,
2569,22:00:11,115,521.74,,,
2570,22:00:16,114,526.32,,,
2571,22:00:21,115,521.74,,,
2572,22:00:31,114,526.32,,,
2573,22:00:36,113,530.97,,,
2574,22:00:41,111,540.54,,,
2575,22:00:46,105,571.43,,,
2576,22:00:51,103,582.52,,,
2577,22:00:56,105,571.43,,,
2578,22:01:01,111,540.54,,,
2579,22:01:11,112,535.71,,,
2580,22:01:16,113,530.97,,,
2581,22:01:31,113,530.97,,,
2582,22:01:32,110,545.45,,,
2583,22:01:42,109,550.46,,,
2584,22:01:47,106,566.04,,,
2585,22:02:02,106,566.04,,,
2586,22:02:17,105,571.43,,,
2587,22:02:27,106,566.04,,,
2588,22:02:32,105,571.43,,,
2589,22:02:37,104,576.92,,,
2590,22:02:47,105,571.43,,,
2591,22:02:52,107,560.75,,,
2592,22:02:57,109,550.46,,,
2593,22:03:12,109,550.46,,,
2594,22:03:22,112,535.71,,,
2595,22:03:27,122,491.8,,,
2596,22:03:32,123,487.8,,,
2597,22:03:37,121,495.87,,,
2598,22:03:42,120,500.0,,,
2599,22:03:47,119,504.2,,,
2600,22:03:57,118,508.47,3.3829510231326876,31.52698788403998,12.300749915547769
2601,22:50:20,70,857.14,,,
2602,22:50:35,70,857.14,,,
2603,22:50:50,73,821.92,,,
2604,22:50:55,87,689.66,,,
2605,22:51:00,93,645.16,,,
2606,22:51:10,93,645.16,,,
2607,22:51:25,93,645.16,,,
2608,22:51:35,92,652.17,,,
2609,22:51:50,92,652.17,,,
2610,22:51:55,91,659.34,,,
2611,22:52:00,89,674.16,,,
2612,22:52:05,88,681.82,,,
2613,22:52:10,87,689.66,,,
2614,22:52:15,86,697.67,,,
2615,22:52:30,86,697.67,,,
2616,22:52:35,87,689.66,,,
2617,22:52:45,88,681.82,,,
2618,22:52:50,88,681.82,,,
2619,22:53:00,89,674.16,,,
2620,22:53:05,90,666.67,,,
2621,22:53:20,91,659.34,,,
2622,22:53:25,92,652.17,,,
2623,22:53:30,91,659.34,,,
2624,22:53:35,90,666.67,,,
2625,22:53:40,89,674.16,,,
2626,22:53:45,88,681.82,,,
2627,22:53:50,89,674.16,,,
2628,22:54:00,90,666.67,,,
2629,22:54:05,92,652.17,,,
2630,22:54:10,93,645.16,,,
2631,22:54:25,93,645.16,,,
2632,22:54:35,94,638.3,,,
2633,22:54:40,91,659.34,,,
2634,22:54:55,91,659.34,,,
2635,22:55:05,92,652.17,,,
2636,22:55:10,91,659.34,,,
2637,22:55:20,90,666.67,,,
2638,22:55:25,89,674.16,,,
2639,22:55:30,90,666.67,,,
2640,22:55:35,91,659.34,,,
2641,22:55:45,89,674.16,,,
2642,22:55:50,88,681.82,,,
2643,22:56:00,87,689.66,,,
2644,22:56:10,86,697.67,,,
2645,22:56:15,83,722.89,,,
2646,22:56:25,85,705.88,,,
2647,22:56:30,86,697.67,,,
2648,22:56:35,87,689.66,,,
2649,22:56:40,88,681.82,,,
2650,22:56:55,88,681.82,,,
2651,22:57:00,87,689.66,,,
2652,22:57:05,88,681.82,,,
2653,22:57:14,88,681.82,,,
2654,22:57:29,87,689.66,,,
2655,22:57:39,88,681.82,,,
2656,22:57:49,88,681.82,,,
2657,22:57:59,90,666.67,,,
2658,22:58:04,91,659.34,,,
2659,22:58:09,90,666.67,,,
2660,22:58:14,89,674.16,,,
2661,22:58:19,88,681.82,,,
2662,22:58:34,88,681.82,,,
2663,22:58:44,87,689.66,,,
2664,22:58:59,87,689.66,,,
2665,22:59:14,84,714.29,,,
2666,22:59:19,83,722.89,,,
2667,22:59:34,84,714.29,,,
2668,22:59:49,82,731.71,,,
2669,22:59:54,81,740.74,,,
2670,22:59:59,82,731.71,,,
2671,23:00:04,84,714.29,,,
2672,23:00:09,85,705.88,,,
2673,23:00:24,85,705.88,,,
2674,23:00:34,86,697.67,,,
2675,23:00:39,87,689.66,,,
2676,23:00:44,88,681.82,,,
2677,23:00:49,89,674.16,,,
2678,23:00:59,90,666.67,,,
2679,23:01:04,90,666.67,,,
2680,23:01:09,89,674.16,,,
2681,23:01:14,88,681.82,,,
2682,23:01:19,89,674.16,,,
2683,23:01:24,90,666.67,,,
2684,23:01:29,89,674.16,,,
2685,23:01:34,88,681.82,,,
2686,23:01:44,87,689.66,,,
2687,23:01:59,88,681.82,,,
2688,23:02:14,88,681.82,,,
2689,23:02:24,89,674.16,,,
2690,23:02:34,90,666.67,,,
2691,23:02:39,89,674.16,,,
2692,23:02:44,88,681.82,,,
2693,23:02:49,86,697.67,,,
2694,23:02:54,85,705.88,,,
2695,23:03:04,86,697.67,,,
2696,23:03:09,87,689.66,,,
2697,23:03:24,87,689.66,,,
2698,23:03:34,88,681.82,,,
2699,23:03:39,87,689.66,,,
2700,23:03:44,87,689.66,5.355899360335445,39.07818814423672,38.92429143396657
2701,23:03:59,87,689.66,,,
2702,23:04:04,86,697.67,,,
2703,23:04:09,85,705.88,,,
2704,23:04:24,86,697.67,,,
2705,23:04:29,87,689.66,,,
2706,23:04:44,87,689.66,,,
2707,23:04:49,87,689.66,,,
2708,23:04:54,87,689.66,,,
2709,23:04:59,87,689.66,,,
2710,23:05:14,87,689.66,,,
2711,23:05:19,88,681.82,,,
2712,23:05:24,89,674.16,,,
2713,23:05:29,90,666.67,,,
2714,23:05:44,89,674.16,,,
2715,23:05:49,88,681.82,,,
2716,23:06:04,88,681.82,,,
2717,23:06:19,88,681.82,,,
2718,23:06:29,87,689.66,,,
2719,23:06:44,87,689.66,,,
2720,23:06:49,86,697.67,,,
2721,23:06:54,85,705.88,,,
2722,23:06:59,86,697.67,,,
2723,23:07:04,85,705.88,,,
2724,23:07:19,85,705.88,,,
2725,23:07:34,85,705.88,,,
2726,23:07:49,85,705.88,,,
2727,23:08:04,85,705.88,,,
2728,23:08:14,85,705.88,,,
2729,23:08:24,85,705.88,,,
2730,23:08:39,85,705.88,,,
2731,23:08:44,85,705.88,,,
2732,23:08:54,86,697.67,,,
2733,23:09:00,86,697.67,,,
2734,23:09:15,86,697.67,,,
2735,23:09:25,87,689.66,,,
2736,23:09:30,86,697.67,,,
2737,23:09:35,85,705.88,,,
2738,23:09:40,84,714.29,,,
2739,23:09:45,82,731.71,,,
2740,23:09:50,82,731.71,,,
2741,23:10:00,82,731.71,,,
2742,23:10:05,83,722.89,,,
2743,23:10:20,84,714.29,,,
2744,23:10:25,84,714.29,,,
2745,23:10:30,83,722.89,,,
2746,23:10:35,84,714.29,,,
2747,23:10:45,85,705.88,,,
2748,23:10:50,86,697.67,,,
2749,23:10:55,87,689.66,,,
2750,23:11:00,86,697.67,,,
2751,23:11:05,84,714.29,,,
2752,23:11:10,84,714.29,,,
2753,23:11:15,85,705.88,,,
2754,23:11:30,86,697.67,,,
2755,23:11:35,87,689.66,,,
2756,23:11:40,87,689.66,,,
2757,23:11:45,86,697.67,,,
2758,23:11:50,85,705.88,,,
2759,23:11:55,85,705.88,,,
2760,23:12:00,84,714.29,,,
2761,23:12:15,84,714.29,,,
2762,23:12:20,83,722.89,,,
2763,23:12:35,83,722.89,,,
2764,23:12:40,84,714.29,,,
2765,23:12:45,85,705.88,,,
2766,23:12:50,85,705.88,,,
2767,23:12:55,85,705.88,,,
2768,23:13:00,88,681.82,,,
2769,23:13:05,90,666.67,,,
2770,23:13:10,90,666.67,,,
2771,23:13:15,88,681.82,,,
2772,23:13:20,87,689.66,,,
2773,23:13:25,86,697.67,,,
2774,23:13:30,85,705.88,,,
2775,23:13:40,84,714.29,,,
2776,23:13:45,83,722.89,,,
2777,23:13:55,82,731.71,,,
2778,23:14:00,83,722.89,,,
2779,23:14:10,84,714.29,,,
2780,23:14:15,85,705.88,,,
2781,23:14:30,85,705.88,,,
2782,23:15:11,86,697.67,,,
2783,23:15:16,85,705.88,,,
2784,23:15:21,83,722.89,,,
2785,23:15:26,82,731.71,,,
2786,23:15:31,82,731.71,,,
2787,23:15:36,81,740.74,,,
2788,23:15:41,82,731.71,,,
2789,23:15:56,80,750.0,,,
2790,23:16:01,80,750.0,,,
2791,23:16:06,82,731.71,,,
2792,23:16:11,83,722.89,,,
2793,23:16:16,84,714.29,,,
2794,23:16:31,84,714.29,,,
2795,23:16:36,84,714.29,,,
2796,23:16:41,86,697.67,,,
2797,23:16:51,86,697.67,,,
2798,23:17:01,86,697.67,,,
2799,23:17:11,86,697.67,,,
2800,23:17:21,86,697.67,4.1263336304222795,17.065390362728994,8.054639857394207
2801,23:17:26,85,705.88,,,
2802,23:17:31,84,714.29,,,
2803,23:17:36,83,722.89,,,
2804,23:17:41,84,714.29,,,
2805,23:17:46,86,697.67,,,
2806,23:18:01,85,705.88,,,
2807,23:18:11,83,722.89,,,
2808,23:18:26,83,722.89,,,
2809,23:18:31,83,722.89,,,
2810,23:18:41,82,731.71,,,
2811,23:18:56,82,731.71,,,
2812,23:19:01,86,697.67,,,
2813,23:19:11,84,714.29,,,
2814,23:19:16,83,722.89,,,
2815,23:19:21,83,722.89,,,
2816,23:19:26,83,722.89,,,
2817,23:19:41,83,722.89,,,
2818,23:19:46,81,740.74,,,
2819,23:19:51,78,769.23,,,
2820,23:19:56,80,750.0,,,
2821,23:20:01,81,740.74,,,
2822,23:20:06,82,731.71,,,
2823,23:20:11,83,722.89,,,
2824,23:20:16,82,731.71,,,
2825,23:20:21,82,731.71,,,
2826,23:20:26,81,740.74,,,
2827,23:20:31,81,740.74,,,
2828,23:20:41,81,740.74,,,
2829,23:20:46,82,731.71,,,
2830,23:20:56,79,759.49,,,
2831,23:21:06,80,750.0,,,
2832,23:21:16,81,740.74,,,
2833,23:21:31,81,740.74,,,
2834,23:21:40,79,759.49,,,
2835,23:21:45,80,750.0,,,
2836,23:21:50,81,740.74,,,
2837,23:22:05,81,740.74,,,
2838,23:22:10,83,722.89,,,
2839,23:22:25,83,722.89,,,
2840,23:22:30,85,705.88,,,
2841,23:22:35,85,705.88,,,
2842,23:22:40,86,697.67,,,
2843,23:22:50,85,705.88,,,
2844,23:22:55,84,714.29,,,
2845,23:23:00,83,722.89,,,
2846,23:23:05,81,740.74,,,
2847,23:23:10,81,740.74,,,
2848,23:23:15,82,731.71,,,
2849,23:23:30,82,731.71,,,
2850,23:23:45,82,731.71,,,
2851,23:23:50,83,722.89,,,
2852,23:24:00,82,731.71,,,
2853,23:24:15,82,731.71,,,
2854,23:24:25,81,740.74,,,
2855,23:24:40,81,740.74,,,
2856,23:24:50,82,731.71,,,
2857,23:24:56,82,731.71,,,
2858,23:25:11,82,731.71,,,
2859,23:25:21,83,722.89,,,
2860,23:25:26,83,722.89,,,
2861,23:25:31,82,731.71,,,
2862,23:25:36,82,731.71,,,
2863,23:25:51,82,731.71,,,
2864,23:26:01,83,722.89,,,
2865,23:26:16,82,731.71,,,
2866,23:26:31,82,731.71,,,
2867,23:26:36,81,740.74,,,
2868,23:26:41,81,740.74,,,
2869,23:26:56,82,731.71,,,
2870,23:27:01,83,722.89,,,
2871,23:27:06,84,714.29,,,
2872,23:27:11,84,714.29,,,
2873,23:27:16,84,714.29,,,
2874,23:27:21,83,722.89,,,
2875,23:27:26,80,750.0,,,
2876,23:27:41,80,750.0,,,
2877,23:27:46,81,740.74,,,
2878,23:27:51,82,731.71,,,
2879,23:27:56,83,722.89,,,
2880,23:28:01,83,722.89,,,
2881,23:28:11,84,714.29,,,
2882,23:28:16,81,740.74,,,
2883,23:28:21,77,779.22,,,
2884,23:28:26,78,769.23,,,
2885,23:28:31,83,722.89,,,
2886,23:28:36,86,697.67,,,
2887,23:28:41,85,705.88,,,
2888,23:28:46,84,714.29,,,
2889,23:28:51,83,722.89,,,
2890,23:29:01,83,722.89,,,
2891,23:29:06,82,731.71,,,
2892,23:29:21,82,731.71,,,
2893,23:29:36,82,731.71,,,
2894,23:29:41,83,722.89,,,
2895,23:29:51,84,714.29,,,
2896,23:30:01,82,731.71,,,
2897,23:30:06,80,750.0,,,
2898,23:30:11,81,740.74,,,
2899,23:30:21,80,750.0,,,
2900,23:30:31,76,789.47,2.630577276355925,15.74301350768114,12.569640954990483
2901,23:30:36,72,833.33,,,
2902,23:30:46,70,857.14,,,
2903,23:30:51,72,833.33,,,
2904,23:31:01,71,845.07,,,
2905,23:31:11,72,833.33,,,
2906,23:31:16,73,821.92,,,
2907,23:31:31,74,810.81,,,
2908,23:31:36,77,779.22,,,
2909,23:31:41,78,769.23,,,
2910,23:31:46,84,714.29,,,
2911,23:31:51,86,697.67,,,
2912,23:31:56,85,705.88,,,
2913,23:32:01,83,722.89,,,
2914,23:32:06,81,740.74,,,
2915,23:32:11,80,750.0,,,
2916,23:32:26,80,750.0,,,
2917,23:32:31,81,740.74,,,
2918,23:32:36,79,759.49,,,
2919,23:32:41,77,779.22,,,
2920,23:32:56,79,759.49,,,
2921,23:33:01,80,750.0,,,
2922,23:33:06,79,759.49,,,
2923,23:33:21,80,750.0,,,
2924,23:33:36,80,750.0,,,
2925,23:33:41,80,750.0,,,
2926,23:33:51,82,731.71,,,
2927,23:33:56,84,714.29,,,
2928,23:34:01,84,714.29,,,
2929,23:34:11,82,731.71,,,
2930,23:34:16,81,740.74,,,
2931,23:34:31,81,740.74,,,
2932,23:34:41,83,722.89,,,
2933,23:34:51,82,731.71,,,
2934,23:34:56,81,740.74,,,
2935,23:35:06,82,731.71,,,
2936,23:35:11,83,722.89,,,
2937,23:35:16,84,714.29,,,
2938,23:35:21,85,705.88,,,
2939,23:35:26,86,697.67,,,
2940,23:35:31,87,689.66,,,
2941,23:35:41,86,697.67,,,
2942,23:35:46,84,714.29,,,
2943,23:35:56,82,731.71,,,
2944,23:36:01,80,750.0,,,
2945,23:36:06,81,740.74,,,
2946,23:36:21,82,731.71,,,
2947,23:36:36,81,740.74,,,
2948,23:36:41,80,750.0,,,
2949,23:36:46,79,759.49,,,
2950,23:36:51,80,750.0,,,
2951,23:36:56,81,740.74,,,
2952,23:37:01,81,740.74,,,
2953,23:37:06,81,740.74,,,
2954,23:37:21,81,740.74,,,
2955,23:37:26,82,731.71,,,
2956,23:37:36,83,722.89,,,
2957,23:37:46,84,714.29,,,
2958,23:37:56,85,705.88,,,
2959,23:38:01,88,681.82,,,
2960,23:38:11,87,689.66,,,
2961,23:38:16,85,705.88,,,
2962,23:38:26,84,714.29,,,
2963,23:38:31,83,722.89,,,
2964,23:38:41,82,731.71,,,
2965,23:38:46,81,740.74,,,
2966,23:38:51,80,750.0,,,
2967,23:38:56,85,705.88,,,
2968,23:39:01,85,705.88,,,
2969,23:39:16,84,714.29,,,
2970,23:39:21,83,722.89,,,
2971,23:39:26,84,714.29,,,
2972,23:39:36,85,705.88,,,
2973,23:39:51,86,697.67,,,
2974,23:40:06,86,697.67,,,
2975,23:40:11,88,681.82,,,
2976,23:40:16,87,689.66,,,
2977,23:40:21,89,674.16,,,
2978,23:40:26,88,681.82,,,
2979,23:40:31,86,697.67,,,
2980,23:40:36,85,705.88,,,
2981,23:40:46,84,714.29,,,
2982,23:40:51,81,740.74,,,
2983,23:40:56,79,759.49,,,
2984,23:41:01,78,769.23,,,
2985,23:41:06,77,779.22,,,
2986,23:41:11,76,789.47,,,
2987,23:41:26,76,789.47,,,
2988,23:41:31,76,789.47,,,
2989,23:41:36,74,810.81,,,
2990,23:41:46,74,810.81,,,
2991,23:41:52,74,810.81,,,
2992,23:42:02,75,800.0,,,
2993,23:42:07,79,759.49,,,
2994,23:42:12,78,769.23,,,
2995,23:42:17,77,779.22,,,
2996,23:42:22,76,789.47,,,
2997,23:42:27,75,800.0,,,
2998,23:42:42,73,821.92,,,
2999,23:42:52,72,833.33,,,
3000,23:42:57,73,821.92,4.563796021301693,41.76808157546801,15.317741281918755
3001,23:43:07,74,810.81,,,
3002,23:43:12,75,800.0,,,
3003,23:43:22,76,789.47,,,
3004,23:43:27,77,779.22,,,
3005,23:43:42,77,779.22,,,
3006,23:43:57,75,800.0,,,
3007,23:44:02,72,833.33,,,
3008,23:44:17,73,821.92,,,
3009,23:44:32,74,810.81,,,
3010,23:44:47,74,810.81,,,
3011,23:45:02,75,800.0,,,
3012,23:45:17,75,800.0,,,
3013,23:45:27,76,789.47,,,
3014,23:45:42,75,800.0,,,
3015,23:45:47,72,833.33,,,
3016,23:45:52,71,845.07,,,
3017,23:45:57,73,821.92,,,
3018,23:46:02,76,789.47,,,
3019,23:46:12,76,789.47,,,
3020,23:46:27,76,789.47,,,
3021,23:46:32,76,789.47,,,
3022,23:46:42,75,800.0,,,
3023,23:46:57,75,800.0,,,
3024,23:47:02,74,810.81,,,
3025,23:47:12,75,800.0,,,
3026,23:47:17,76,789.47,,,
3027,23:47:32,77,779.22,,,
3028,23:47:37,76,789.47,,,
3029,23:47:52,76,789.47,,,
3030,23:47:57,77,779.22,,,
3031,23:48:02,78,769.23,,,
3032,23:48:07,77,779.22,,,
3033,23:48:22,77,779.22,,,
3034,23:48:32,78,769.23,,,
3035,23:48:47,79,759.49,,,
3036,23:48:52,79,759.49,,,
3037,23:48:57,80,750.0,,,
3038,23:49:07,81,740.74,,,
3039,23:49:12,81,740.74,,,
3040,23:49:22,83,722.89,,,
3041,23:49:27,82,731.71,,,
3042,23:49:32,80,750.0,,,
3043,23:49:37,77,779.22,,,
3044,23:49:47,76,789.47,,,
3045,23:49:53,75,800.0,,,
3046,23:49:58,74,810.81,,,
3047,23:50:08,74,810.81,,,
3048,23:50:23,74,810.81,,,
3049,23:50:33,75,800.0,,,
3050,23:50:48,75,800.0,,,
3051,23:51:03,75,800.0,,,
3052,23:51:13,78,769.23,,,
3053,23:51:18,79,759.49,,,
3054,23:51:23,80,750.0,,,
3055,23:51:28,82,731.71,,,
3056,23:51:33,81,740.74,,,
3057,23:51:38,80,750.0,,,
3058,23:51:43,79,759.49,,,
3059,23:51:58,78,769.23,,,
3060,23:52:03,76,789.47,,,
3061,23:52:08,74,810.81,,,
3062,23:52:13,73,821.92,,,
3063,23:52:23,73,821.92,,,
3064,23:52:38,74,810.81,,,
3065,23:52:43,75,800.0,,,
3066,23:52:48,74,810.81,,,
3067,23:53:03,74,810.81,,,
3068,23:53:18,74,810.81,,,
3069,23:53:23,75,800.0,,,
3070,23:53:38,74,810.81,,,
3071,23:53:53,74,810.81,,,
3072,23:53:58,75,800.0,,,
3073,23:54:03,74,810.81,,,
3074,23:54:13,75,800.0,,,
3075,23:54:28,78,769.23,,,
3076,23:54:33,80,750.0,,,
3077,23:54:38,77,779.22,,,
3078,23:54:43,74,810.81,,,
3079,23:54:48,73,821.92,,,
3080,23:54:53,72,833.33,,,
3081,23:55:03,71,845.07,,,
3082,23:55:08,72,833.33,,,
3083,23:55:18,73,821.92,,,
3084,23:55:23,74,810.81,,,
3085,23:55:33,75,800.0,,,
3086,23:55:38,74,810.81,,,
3087,23:55:43,73,821.92,,,
3088,23:55:48,72,833.33,,,
3089,23:55:53,74,810.81,,,
3090,23:55:58,75,800.0,,,
3091,23:56:03,76,789.47,,,
3092,23:56:08,75,800.0,,,
3093,23:56:13,76,789.47,,,
3094,23:56:18,75,800.0,,,
3095,23:56:33,77,779.22,,,
3096,23:56:43,75,800.0,,,
3097,23:56:48,73,821.92,,,
3098,23:57:03,73,821.92,,,
3099,23:57:08,73,821.92,,,
3100,23:57:18,72,833.33,,,
3101,23:57:28,73,821.92,,,
3102,23:57:33,74,810.81,,,
3103,23:57:38,76,789.47,,,
3104,23:57:48,75,800.0,,,
3105,23:57:53,73,821.92,,,
3106,23:57:58,72,833.33,,,
3107,23:58:03,72,833.33,,,
3108,23:58:18,73,821.92,,,
3109,23:58:33,73,821.92,,,
3110,23:58:48,74,810.81,,,
3111,23:58:53,75,800.0,,,
